unique_work_number,installment_number,amount,release_date,transaction_type
MPLADS/MA/2026-2027/0001,1,595556.11,2026-03-01,Release
MPLADS/MA/2026-2027/0001,2,532247.84,2026-07-24,Release
MPLADS/UT/2025-2026/0002,1,465547.02,2025-11-04,Release
MPLADS/UT/2025-2026/0002,2,338857.98,2026-04-13,Release
MPLADS/UT/2025-2026/0002,3,423282.17,2026-07-31,Release
MPLADS/UT/2025-2026/0003,1,449849.94,2025-07-17,Release
MPLADS/UT/2025-2026/0003,2,404639.73,2025-09-26,Release
MPLADS/MA/2026-2027/0004,1,954166.6,2026-05-18,Release
MPLADS/MA/2026-2027/0004,2,653520.74,2026-08-24,Release
MPLADS/MA/2025-2026/0005,1,1532157.87,2025-11-21,Release
MPLADS/MA/2025-2026/0005,2,1563870.32,2026-04-05,Release
MPLADS/MA/2025-2026/0005,3,2143688.27,2026-09-13,Release
MPLADS/UT/2024-2025/0006,1,227359.02,2024-05-10,Release
MPLADS/UT/2024-2025/0006,2,329125.71,2024-10-20,Release
MPLADS/MA/2024-2025/0007,1,494499.55,2024-06-16,Release
MPLADS/MA/2024-2025/0007,2,633348.12,2024-10-16,Release
MPLADS/MA/2024-2025/0007,3,662059.05,2025-04-11,Release
MPLADS/UT/2024-2025/0008,1,296686.2,2024-05-08,Release
MPLADS/UT/2024-2025/0008,2,271411.34,2024-07-15,Release
MPLADS/UT/2025-2026/0009,1,50156.06,2026-01-01,Release
MPLADS/UT/2025-2026/0009,2,57474.6,2026-06-04,Release
MPLADS/UT/2025-2026/0009,3,55276.58,2026-10-29,Release
MPLADS/UT/2025-2026/0009,4,51678.52,2027-04-14,Release
MPLADS/MA/2026-2027/0010,1,1665183.55,2026-10-14,Release
MPLADS/TA/2024-2025/0011,1,453007.04,2024-06-21,Release
MPLADS/TA/2024-2025/0011,2,346894.84,2024-09-09,Release
MPLADS/TA/2024-2025/0011,3,490866.2,2024-03-17 00:00:00,Release
MPLADS/MA/2025-2026/0012,1,285270.06,2025-11-22,Release
MPLADS/MA/2025-2026/0012,2,342815.3,2026-02-20,Release
MPLADS/MA/2025-2026/0013,1,134288.6,2025-03-22 00:00:00,Release
MPLADS/MA/2025-2026/0013,2,121113.67,2025-06-14 00:00:00,Release
MPLADS/MA/2025-2026/0013,3,173570.18,2025-08-25 00:00:00,Release
MPLADS/UT/2025-2026/0014,1,33445.06,2025-12-14,Release
MPLADS/UT/2025-2026/0014,2,46994.42,2026-05-31,Release
MPLADS/UT/2025-2026/0014,3,38290.31,2026-08-21,Release
MPLADS/TA/2025-2026/0015,1,226059.61,2025-03-31,Release
MPLADS/TA/2025-2026/0015,2,234694.58,2025-06-05,Release
MPLADS/MA/2024-2025/0016,1,1185582.83,2024-11-16,Release
MPLADS/UT/2024-2025/0017,1,267469.34,2024-02-02,Release
MPLADS/UT/2024-2025/0017,2,193250.03,2024-04-30,Release
MPLADS/UT/2024-2025/0017,3,238270.01,2024-07-05,Release
MPLADS/UT/2024-2025/0018,1,137633.34,2024-10-25,Release
MPLADS/UT/2024-2025/0018,2,111440.28,2025-01-27,Release
MPLADS/UT/2024-2025/0018,3,130455.02,2025-06-24,Release
MPLADS/UT/2026-2027/0019,1,133457.35,2026-09-15,Release
MPLADS/UT/2026-2027/0019,2,167142.1,2026-12-04,Release
MPLADS/KA/2025-2026/0020,1,161090.67,2025-10-06,Release
MPLADS/MA/2026-2027/0021,1,1228147.87,2026-05-22,Release
MPLADS/MA/2026-2027/0021,2,1294494.66,2026-11-16,Release
MPLADS/UT/2024-2025/0022,1,1850270.21,2024-02-03,Release
MPLADS/KA/2026-2027/0023,1,1549647.64,2026-10-14,Release
MPLADS/KA/2024-2025/0024,1,2172579.75,2024-06-12,Release
MPLADS/UT/2026-2027/0025,1,235461.2,2026-03-01,Release
MPLADS/UT/2026-2027/0025,2,261204.27,2026-03-17 00:00:00,Release
MPLADS/MA/2026-2027/0026,1,320913.09,2026-10-04,Release
MPLADS/MA/2026-2027/0026,2,332381.96,2027-02-14,Release
MPLADS/MA/2026-2027/0026,3,311683.19,2027-04-25,Release
MPLADS/MA/2026-2027/0026,4,224445.59,2027-10-21,Release
MPLADS/KA/2024-2025/0027,1,581229.72,2024-01-30,Release
MPLADS/KA/2024-2025/0027,2,842742.62,2024-06-20,Release
MPLADS/TA/2025-2026/0028,1,1942434.22,2026-01-03,Release
MPLADS/TA/2024-2025/0029,1,467530.82,2024-05-18,Release
MPLADS/MA/2026-2027/0030,1,408114.76,2026-02-23,Release
MPLADS/MA/2026-2027/0030,2,313048.22,2026-07-01,Release
MPLADS/MA/2026-2027/0031,1,332722.19,2026-10-04,Release
MPLADS/MA/2026-2027/0031,2,336214.5,2027-01-30,Release
MPLADS/MA/2026-2027/0031,3,539130.27,2027-04-22,Release
MPLADS/TA/2025-2026/0032,1,904561.14,2025-12-07,Release
MPLADS/TA/2025-2026/0032,2,816919.73,2026-05-03,Release
MPLADS/UT/2023-2024/0033,1,4790846.63,2023-11-09,Release
MPLADS/TA/2025-2026/0034,1,340882.01,2025-11-18,Release
MPLADS/TA/2025-2026/0034,2,310690.69,2026-03-14,Release
MPLADS/TA/2025-2026/0034,3,296423.0,2026-09-04,Release
MPLADS/MA/2026-2027/0035,1,2297635.16,2026-10-04,Release
MPLADS/UT/2026-2027/0036,1,61101.98,2026-11-01,Release
MPLADS/UT/2026-2027/0036,2,72785.77,2027-02-09,Release
MPLADS/UT/2026-2027/0036,3,61759.07,2027-05-27,Release
MPLADS/UT/2026-2027/0036,4,87068.5,2027-07-30,Release
MPLADS/KA/2026-2027/0037,1,331048.3,2026-02-24,Release
MPLADS/KA/2026-2027/0037,2,350741.69,2026-08-01,Release
MPLADS/KA/2026-2027/0037,3,352486.0,2026-11-09,Release
MPLADS/KA/2026-2027/0037,4,600590.83,2027-03-18,Release
MPLADS/UT/2024-2025/0038,1,321524.77,2025-01-08,Release
MPLADS/UT/2024-2025/0038,2,215411.95,2025-06-19,Release
MPLADS/KA/2025-2026/0039,1,69806.91,2025-10-26,Release
MPLADS/KA/2025-2026/0039,2,81415.85,2026-04-11,Release
MPLADS/MA/2024-2025/0040,1,400319.66,2024-03-29 00:00:00,Release
MPLADS/MA/2024-2025/0040,2,469495.74,2024-08-22 00:00:00,Release
MPLADS/MA/2024-2025/0040,3,448223.87,2024-12-25 00:00:00,Release
MPLADS/KA/2024-2025/0041,1,509145.48,2025-01-12,Release
MPLADS/KA/2024-2025/0041,2,479156.38,2025-03-14,Release
MPLADS/KA/2024-2025/0041,3,584662.16,2025-07-09,Release
MPLADS/MA/2026-2027/0042,1,721954.08,2026-08-13,Release
MPLADS/MA/2026-2027/0042,2,523772.18,2026-12-04,Release
MPLADS/UT/2025-2026/0043,1,146733.94,2025-12-21,Release
MPLADS/UT/2025-2026/0043,2,140488.52,2026-04-12,Release
MPLADS/UT/2025-2026/0043,3,112073.25,2026-07-03,Release
MPLADS/KA/2024-2025/0044,1,680741.16,2025-01-09,Release
MPLADS/KA/2024-2025/0044,2,657991.43,2025-05-20,Release
MPLADS/KA/2024-2025/0044,3,462433.48,2025-03-23 00:00:00,Release
MPLADS/TA/2025-2026/0045,1,104064.72,2025-07-01,Release
MPLADS/TA/2025-2026/0045,2,122267.33,2025-12-24,Release
MPLADS/TA/2025-2026/0045,3,114835.55,2026-03-09,Release
MPLADS/KA/2024-2025/0046,1,244319.52,2024-03-30,Release
MPLADS/KA/2024-2025/0046,2,262009.91,2024-08-25,Release
MPLADS/KA/2024-2025/0046,3,190930.52,2025-01-25,Release
MPLADS/TA/2024-2025/0047,1,104669.06,2024-07-07,Release
MPLADS/TA/2024-2025/0047,2,136101.32,2024-03-24 00:00:00,Release
MPLADS/TA/2024-2025/0047,3,104646.17,2024-07-29 00:00:00,Release
MPLADS/MA/2025-2026/0048,1,559239.85,2025-06-07,Release
MPLADS/MA/2025-2026/0048,2,729475.02,2025-09-15,Release
MPLADS/MA/2025-2026/0048,3,586160.92,2025-12-22,Release
MPLADS/MA/2025-2026/0048,4,705672.33,2026-04-07,Release
MPLADS/UT/2025-2026/0049,1,2135261.66,2025-08-19,Release
MPLADS/KA/2026-2027/0050,1,53003.11,2026-05-26,Release
MPLADS/KA/2026-2027/0050,2,58956.96,2026-09-30,Release
MPLADS/KA/2026-2027/0050,3,57097.5,2027-02-26,Release
MPLADS/KA/2026-2027/0050,4,38094.63,2027-06-24,Release
MPLADS/KA/2024-2025/0051,1,915727.84,2024-08-26,Release
MPLADS/UT/2025-2026/0052,1,1543315.3,2025-06-28,Release
MPLADS/TA/2026-2027/0053,1,507349.79,2026-08-12,Release
MPLADS/TA/2026-2027/0053,2,435392.84,2026-03-30 00:00:00,Release
MPLADS/TA/2025-2026/0054,1,1118939.84,2025-03-31,Release
MPLADS/KA/2026-2027/0055,1,1647125.82,2026-09-06,Release
MPLADS/TA/2026-2027/0056,1,1548837.44,2026-02-21,Release
MPLADS/TA/2025-2026/0057,1,1129566.45,2025-05-18,Release
MPLADS/MA/2026-2027/0058,1,234116.83,2026-06-27,Release
MPLADS/MA/2026-2027/0058,2,261684.07,2026-11-24,Release
MPLADS/MA/2026-2027/0058,3,297272.29,2027-02-15,Release
MPLADS/UT/2023-2024/0059,1,341110.28,2023-12-25,Release
MPLADS/KA/2024-2025/0060,1,962619.86,2024-08-29,Release
MPLADS/KA/2024-2025/0060,2,1348872.06,2024-12-16,Release
MPLADS/MA/2025-2026/0061,1,426548.79,2025-03-01,Release
MPLADS/MA/2025-2026/0061,2,355441.24,2025-03-30 00:00:00,Release
MPLADS/MA/2025-2026/0061,3,344039.65,2025-08-23 00:00:00,Release
MPLADS/MA/2025-2026/0062,1,1285519.69,2025-08-11,Release
MPLADS/MA/2025-2026/0063,1,60567.32,2025-06-07,Release
MPLADS/MA/2025-2026/0063,2,71305.39,2025-11-06,Release
MPLADS/MA/2025-2026/0063,3,82119.64,2026-04-13,Release
MPLADS/MA/2025-2026/0064,1,234845.62,2025-10-26,Release
MPLADS/MA/2025-2026/0064,2,181410.95,2026-02-28,Release
MPLADS/MA/2025-2026/0064,3,168936.81,2026-05-12,Release
MPLADS/MA/2025-2026/0064,4,210856.0,2026-08-09,Release
MPLADS/TA/2025-2026/0065,1,2775339.35,2025-12-12,Release
MPLADS/TA/2026-2027/0066,1,2166803.35,2026-01-30,Release
MPLADS/MA/2026-2027/0067,1,268963.13,2026-04-25,Release
MPLADS/MA/2026-2027/0067,2,383931.69,2026-08-18,Release
MPLADS/MA/2026-2027/0067,3,346883.67,2026-12-13,Release
MPLADS/MA/2024-2025/0068,1,111097.24,2024-07-19,Release
MPLADS/MA/2024-2025/0068,2,106531.17,2024-12-17,Release
MPLADS/MA/2024-2025/0068,3,119281.67,2025-04-28,Release
MPLADS/MA/2024-2025/0068,4,108998.6,2025-09-22,Release
MPLADS/MA/2026-2027/0069,1,300518.55,2026-09-15,Release
MPLADS/MA/2025-2026/0070,1,913218.16,2025-11-02,Release
MPLADS/MA/2025-2026/0070,2,1030728.34,2026-01-04,Release
MPLADS/MA/2024-2025/0071,1,554491.24,2024-12-05,Release
MPLADS/MA/2024-2025/0071,2,722173.66,2025-02-13,Release
MPLADS/MA/2024-2025/0071,3,584358.63,2025-05-23,Release
MPLADS/MA/2025-2026/0072,1,4224391.8,2025-05-30,Release
MPLADS/TA/2026-2027/0073,1,372683.29,2026-08-01,Release
MPLADS/TA/2026-2027/0073,2,290849.39,2026-12-25,Release
MPLADS/KA/2024-2025/0074,1,1252670.64,2024-12-20,Release
MPLADS/KA/2024-2025/0074,2,853290.12,2025-06-06,Release
MPLADS/KA/2026-2027/0075,1,94916.16,2026-07-19,Release
MPLADS/KA/2026-2027/0075,2,71943.76,2026-10-30,Release
MPLADS/UT/2023-2024/0076,1,1568863.62,2023-11-06,Release
MPLADS/UT/2023-2024/0076,2,1209126.21,2024-02-12,Release
MPLADS/TA/2024-2025/0077,1,119576.49,2024-11-14,Release
MPLADS/TA/2024-2025/0077,2,118821.61,2025-03-20,Release
MPLADS/TA/2024-2025/0077,3,110441.26,2025-06-15,Release
MPLADS/TA/2024-2025/0077,4,66227.56,2025-12-12,Release
MPLADS/TA/2023-2024/0078,1,416225.8,2023-11-21,Release
MPLADS/TA/2023-2024/0078,2,360913.47,2024-02-14,Release
MPLADS/TA/2023-2024/0078,3,367757.76,2024-05-03,Release
MPLADS/UT/2025-2026/0079,1,1544145.73,2025-09-07,Release
MPLADS/KA/2024-2025/0080,1,117272.44,2024-05-22,Release
MPLADS/KA/2025-2026/0081,1,508916.87,2025-10-19,Release
MPLADS/TA/2025-2026/0082,1,567375.38,2025-02-19,Release
MPLADS/TA/2025-2026/0082,2,793935.95,2025-08-08,Release
MPLADS/TA/2025-2026/0083,1,894559.89,2025-07-27,Release
MPLADS/TA/2025-2026/0083,2,860489.41,2025-12-07,Release
MPLADS/TA/2025-2026/0083,3,605059.24,2026-04-12,Release
MPLADS/TA/2024-2025/0084,1,835658.28,2024-12-08,Release
MPLADS/MA/2025-2026/0085,1,157787.23,2025-02-11,Release
MPLADS/MA/2025-2026/0085,2,198535.01,2025-06-03,Release
MPLADS/UT/2024-2025/0086,1,269282.34,2024-11-11,Release
MPLADS/UT/2024-2025/0086,2,286218.14,2025-02-14,Release
MPLADS/MA/2025-2026/0087,1,562686.21,2025-04-12,Release
MPLADS/MA/2025-2026/0087,2,819964.67,2025-09-21,Release
MPLADS/TA/2026-2027/0088,1,487938.24,2026-04-15,Release
MPLADS/TA/2026-2027/0088,2,379584.54,2026-10-02,Release
MPLADS/KA/2024-2025/0089,1,345435.07,2024-08-05,Release
MPLADS/KA/2024-2025/0089,2,427191.15,2025-01-25,Release
MPLADS/TA/2025-2026/0090,1,1392183.69,2025-09-01,Release
MPLADS/MA/2024-2025/0091,1,401623.18,2024-05-03,Release
MPLADS/MA/2024-2025/0091,2,452219.75,2024-10-14,Release
MPLADS/UT/2025-2026/0092,1,1306989.51,2025-08-16,Release
MPLADS/UT/2025-2026/0092,2,1034430.17,2025-12-05,Release
MPLADS/UT/2025-2026/0093,1,574576.58,2025-03-22,Release
MPLADS/KA/2024-2025/0094,1,681334.13,2024-03-02,Release
MPLADS/KA/2024-2025/0094,2,825588.93,2024-08-14,Release
MPLADS/MA/2026-2027/0095,1,98753.14,2026-10-08,Release
MPLADS/MA/2026-2027/0095,2,75293.66,2027-02-25,Release
MPLADS/MA/2026-2027/0095,3,79329.89,2027-06-24,Release
MPLADS/UT/2025-2026/0096,1,233006.15,2025-04-18,Release
MPLADS/UT/2025-2026/0096,2,324675.31,2025-08-28,Release
MPLADS/MA/2025-2026/0097,1,431660.83,2025-10-31,Release
MPLADS/MA/2025-2026/0097,2,322480.28,2026-02-04,Release
MPLADS/KA/2023-2024/0098,1,1679533.98,2024-01-13,Release
MPLADS/MA/2025-2026/0099,1,682876.96,2025-10-08,Release
MPLADS/MA/2025-2026/0099,2,835762.69,2026-02-27,Release
MPLADS/KA/2024-2025/0100,1,211505.38,2024-10-28,Release
MPLADS/KA/2024-2025/0100,2,197660.33,2025-01-08,Release
MPLADS/KA/2024-2025/0100,3,170596.71,2025-07-06,Release
MPLADS/UT/2025-2026/0101,1,68275.71,2025-06-22,Release
MPLADS/UT/2025-2026/0101,2,69620.66,2025-10-10,Release
MPLADS/UT/2025-2026/0101,3,66709.39,2026-04-02,Release
MPLADS/UT/2025-2026/0101,4,56022.57,2026-07-04,Release
MPLADS/TA/2025-2026/0102,1,415248.07,2025-02-27,Release
MPLADS/TA/2025-2026/0102,2,348893.93,2025-06-07,Release
MPLADS/TA/2025-2026/0102,3,515944.54,2025-11-25,Release
MPLADS/MA/2024-2025/0103,1,339986.7,2024-04-10,Release
MPLADS/MA/2024-2025/0103,2,260783.73,2024-08-14,Release
MPLADS/UT/2026-2027/0104,1,196988.66,2026-04-10,Release
MPLADS/UT/2026-2027/0104,2,183214.45,2026-07-02,Release
MPLADS/UT/2026-2027/0104,3,294748.44,2026-11-29,Release
MPLADS/TA/2024-2025/0105,1,628672.22,2024-08-23,Release
MPLADS/TA/2024-2025/0105,2,519049.5,2024-11-06,Release
MPLADS/TA/2024-2025/0105,3,509098.2,2025-02-10,Release
MPLADS/MA/2026-2027/0106,1,308733.03,2026-01-19,Release
MPLADS/MA/2026-2027/0106,2,356936.86,2026-05-12,Release
MPLADS/MA/2026-2027/0106,3,250990.28,2026-09-12,Release
MPLADS/UT/2025-2026/0107,1,2084696.43,2025-11-08,Release
MPLADS/MA/2025-2026/0108,1,660091.43,2025-03-16 00:00:00,Release
MPLADS/MA/2025-2026/0108,2,667256.85,2025-08-06 00:00:00,Release
MPLADS/MA/2025-2026/0108,3,581015.6,2026-01-06 00:00:00,Release
MPLADS/UT/2024-2025/0109,1,435494.32,2025-01-06,Release
MPLADS/KA/2024-2025/0110,1,337040.1,2024-03-21 00:00:00,Release
MPLADS/KA/2024-2025/0110,2,365443.69,2024-06-09 00:00:00,Release
MPLADS/TA/2025-2026/0111,1,61779.82,2025-02-02,Release
MPLADS/TA/2025-2026/0111,2,48230.63,2025-06-27,Release
MPLADS/TA/2025-2026/0111,3,62561.34,2025-09-20,Release
MPLADS/MA/2024-2025/0112,1,306389.12,2024-11-30,Release
MPLADS/MA/2024-2025/0112,2,286736.14,2025-03-25,Release
MPLADS/MA/2024-2025/0112,3,224350.03,2025-07-28,Release
MPLADS/MA/2026-2027/0113,1,221781.67,2026-06-02,Release
MPLADS/MA/2026-2027/0113,2,209319.1,2026-10-01,Release
MPLADS/MA/2026-2027/0113,3,264143.17,2027-02-25,Release
MPLADS/MA/2026-2027/0113,4,214683.52,2027-07-01,Release
MPLADS/MA/2026-2027/0114,1,228048.55,2026-03-28,Release
MPLADS/MA/2026-2027/0114,2,316354.06,2026-08-07,Release
MPLADS/TA/2026-2027/0115,1,363527.75,2026-02-09,Release
MPLADS/TA/2026-2027/0115,2,341128.92,2026-05-30,Release
MPLADS/TA/2026-2027/0115,3,546269.14,2026-10-27,Release
MPLADS/TA/2026-2027/0116,1,295502.88,2026-11-03,Release
MPLADS/TA/2026-2027/0116,2,242356.1,2027-04-23,Release
MPLADS/TA/2026-2027/0117,1,2106898.88,2026-08-14,Release
MPLADS/UT/2024-2025/0118,1,238062.93,2024-04-21,Release
MPLADS/UT/2024-2025/0118,2,189116.14,2024-03-18 00:00:00,Release
MPLADS/UT/2024-2025/0118,3,179397.83,2024-08-29 00:00:00,Release
MPLADS/UT/2024-2025/0118,4,283343.94,2025-03-30 00:00:00,Release
MPLADS/KA/2025-2026/0119,1,2066021.85,2025-02-23,Release
MPLADS/KA/2025-2026/0119,2,2885869.82,2025-05-12,Release
MPLADS/TA/2025-2026/0120,1,353953.96,2025-12-11,Release
MPLADS/TA/2025-2026/0120,2,447264.39,2026-05-26,Release
MPLADS/TA/2025-2026/0120,3,382505.73,2026-07-26,Release
MPLADS/MA/2025-2026/0121,1,763777.85,2025-03-27 00:00:00,Release
MPLADS/MA/2025-2026/0121,2,509598.5,2025-07-27 00:00:00,Release
MPLADS/UT/2024-2025/0122,1,60384.75,2024-11-13,Release
MPLADS/UT/2024-2025/0122,2,84545.26,2025-03-06,Release
MPLADS/UT/2024-2025/0122,3,74543.36,2025-07-23,Release
MPLADS/TA/2024-2025/0123,1,185598.77,2024-04-10,Release
MPLADS/TA/2024-2025/0123,2,173128.77,2024-09-04,Release
MPLADS/TA/2024-2025/0123,3,196373.29,2025-02-18,Release
MPLADS/KA/2025-2026/0124,1,352088.23,2025-05-03,Release
MPLADS/KA/2025-2026/0124,2,359970.77,2025-07-22,Release
MPLADS/MA/2025-2026/0125,1,824296.08,2025-02-15,Release
MPLADS/MA/2025-2026/0125,2,651095.47,2025-06-18,Release
MPLADS/KA/2025-2026/0126,1,2348758.93,2025-08-12,Release
MPLADS/KA/2025-2026/0126,2,1804001.94,2025-10-15,Release
MPLADS/MA/2025-2026/0127,1,621849.77,2025-06-19,Release
MPLADS/MA/2024-2025/0128,1,220948.43,2024-05-19,Release
MPLADS/MA/2024-2025/0128,2,264774.88,2024-10-28,Release
MPLADS/MA/2024-2025/0128,3,322458.21,2025-01-10,Release
MPLADS/UT/2024-2025/0129,1,332287.08,2024-01-17,Release
MPLADS/UT/2024-2025/0129,2,345355.77,2024-06-18,Release
MPLADS/UT/2024-2025/0129,3,376434.31,2024-10-20,Release
MPLADS/UT/2024-2025/0129,4,452629.8,2025-01-07,Release
MPLADS/KA/2025-2026/0130,1,700625.18,2025-03-30 00:00:00,Release
MPLADS/MA/2024-2025/0131,1,146915.41,2024-04-25,Release
MPLADS/MA/2024-2025/0131,2,158448.47,2024-08-30,Release
MPLADS/MA/2024-2025/0131,3,185346.21,2025-02-08,Release
MPLADS/MA/2024-2025/0132,1,491681.06,2024-12-31,Release
MPLADS/MA/2024-2025/0132,2,522474.4,2025-05-06,Release
MPLADS/MA/2024-2025/0132,3,317037.97,2025-08-14,Release
MPLADS/MA/2025-2026/0133,1,158577.5,2025-10-28,Release
MPLADS/MA/2025-2026/0133,2,141676.07,2026-04-08,Release
MPLADS/MA/2025-2026/0133,3,128838.75,2026-07-14,Release
MPLADS/MA/2025-2026/0133,4,103452.08,2026-12-10,Release
MPLADS/UT/2024-2025/0134,1,270795.01,2024-07-30,Release
MPLADS/UT/2024-2025/0134,2,247889.67,2024-11-18,Release
MPLADS/MA/2025-2026/0135,1,150061.44,2025-05-05,Release
MPLADS/MA/2025-2026/0135,2,130389.88,2025-03-25 00:00:00,Release
MPLADS/MA/2025-2026/0135,3,144450.16,2025-07-12 00:00:00,Release
MPLADS/TA/2025-2026/0136,1,260994.94,2025-08-28,Release
MPLADS/TA/2025-2026/0136,2,243812.57,2026-03-23 00:00:00,Release
MPLADS/TA/2025-2026/0136,3,341753.2,2026-06-21 00:00:00,Release
MPLADS/MA/2024-2025/0137,1,190700.14,2024-12-12,Release
MPLADS/MA/2024-2025/0137,2,228044.62,2025-02-25,Release
MPLADS/MA/2024-2025/0137,3,279711.11,2025-04-26,Release
MPLADS/MA/2023-2024/0138,1,359970.91,2023-11-29,Release
MPLADS/MA/2023-2024/0138,2,326708.01,2024-03-12,Release
MPLADS/MA/2023-2024/0138,3,385770.74,2024-08-23,Release
MPLADS/MA/2023-2024/0138,4,348513.2,2025-01-21,Release
MPLADS/TA/2026-2027/0139,1,127223.19,2026-08-17,Release
MPLADS/TA/2026-2027/0139,2,146616.74,2026-12-09,Release
MPLADS/TA/2026-2027/0139,3,114934.96,2027-02-14,Release
MPLADS/UT/2024-2025/0140,1,61978.11,2024-10-23,Release
MPLADS/UT/2024-2025/0140,2,68232.87,2025-02-23,Release
MPLADS/UT/2024-2025/0140,3,63892.59,2025-07-21,Release
MPLADS/TA/2024-2025/0141,1,949554.67,2024-01-26,Release
MPLADS/TA/2024-2025/0141,2,677624.82,2024-06-01,Release
MPLADS/TA/2024-2025/0141,3,772275.93,2024-03-20 00:00:00,Release
MPLADS/TA/2026-2027/0142,1,1322156.68,2026-02-27,Release
MPLADS/MA/2024-2025/0143,1,112858.25,2024-06-04,Release
MPLADS/MA/2025-2026/0144,1,452535.05,2025-03-30 00:00:00,Release
MPLADS/MA/2025-2026/0144,2,505532.49,2025-08-10 00:00:00,Release
MPLADS/MA/2025-2026/0144,3,683483.57,2025-11-21 00:00:00,Release
MPLADS/TA/2026-2027/0145,1,522041.23,2026-09-03,Release
MPLADS/TA/2026-2027/0145,2,445355.36,2026-12-13,Release
MPLADS/TA/2026-2027/0145,3,631292.57,2027-05-01,Release
MPLADS/UT/2026-2027/0146,1,376413.13,2026-03-24 00:00:00,Release
MPLADS/UT/2026-2027/0146,2,492654.48,2026-08-02 00:00:00,Release
MPLADS/MA/2023-2024/0147,1,78049.0,2024-01-09,Release
MPLADS/MA/2023-2024/0147,2,71962.64,2024-07-01,Release
MPLADS/MA/2023-2024/0147,3,117353.2,2024-11-06,Release
MPLADS/KA/2024-2025/0148,1,145783.79,2024-09-26,Release
MPLADS/KA/2024-2025/0148,2,179806.87,2025-03-28 00:00:00,Release
MPLADS/KA/2024-2025/0148,3,145605.57,2025-06-19 00:00:00,Release
MPLADS/KA/2024-2025/0149,1,347928.34,2024-05-05,Release
MPLADS/UT/2024-2025/0150,1,357848.62,2024-01-20,Release
MPLADS/UT/2024-2025/0150,2,375725.06,2024-04-07,Release
MPLADS/UT/2024-2025/0150,3,434327.22,2024-07-24,Release
MPLADS/KA/2024-2025/0151,1,206640.29,2024-05-25,Release
MPLADS/KA/2024-2025/0151,2,200860.35,2024-07-31,Release
MPLADS/KA/2024-2025/0151,3,242298.33,2024-10-07,Release
MPLADS/MA/2026-2027/0152,1,129139.67,2026-07-24,Release
MPLADS/MA/2026-2027/0152,2,113410.79,2026-11-13,Release
MPLADS/MA/2026-2027/0152,3,105195.7,2027-03-17,Release
MPLADS/MA/2024-2025/0153,1,320153.7,2024-11-13,Release
MPLADS/MA/2024-2025/0153,2,226368.7,2025-02-02,Release
MPLADS/MA/2024-2025/0153,3,302129.85,2025-06-03,Release
MPLADS/KA/2025-2026/0154,1,533454.86,2025-07-17,Release
MPLADS/KA/2025-2026/0154,2,635729.86,2025-11-22,Release
MPLADS/UT/2025-2026/0155,1,205677.54,2025-10-20,Release
MPLADS/UT/2025-2026/0155,2,220234.54,2026-04-11,Release
MPLADS/UT/2025-2026/0155,3,244666.3,2026-07-13,Release
MPLADS/UT/2025-2026/0155,4,150548.57,2026-10-15,Release
MPLADS/KA/2025-2026/0156,1,63908.45,2025-03-30 00:00:00,Release
MPLADS/KA/2025-2026/0156,2,70066.43,2025-05-29 00:00:00,Release
MPLADS/KA/2025-2026/0156,3,47141.17,2025-09-18 00:00:00,Release
MPLADS/MA/2025-2026/0157,1,1188985.75,2025-03-10,Release
MPLADS/MA/2025-2026/0157,2,1322688.55,2025-06-23,Release
MPLADS/MA/2025-2026/0157,3,1049398.84,2025-11-06,Release
MPLADS/MA/2025-2026/0157,4,889368.27,2026-04-13,Release
MPLADS/MA/2026-2027/0158,1,299889.33,2026-03-30,Release
MPLADS/UT/2026-2027/0159,1,61329.37,2027-01-05,Release
MPLADS/UT/2026-2027/0159,2,55909.13,2027-04-21,Release
MPLADS/UT/2026-2027/0159,3,88633.1,2027-09-18,Release
MPLADS/KA/2025-2026/0160,1,680508.03,2025-11-14,Release
MPLADS/KA/2025-2026/0160,2,665959.15,2026-04-10,Release
MPLADS/KA/2025-2026/0160,3,572375.03,2026-08-23,Release
MPLADS/KA/2026-2027/0161,1,124770.28,2026-05-28,Release
MPLADS/KA/2026-2027/0161,2,124758.9,2026-10-23,Release
MPLADS/KA/2026-2027/0161,3,99904.93,2027-03-19,Release
MPLADS/MA/2025-2026/0162,1,934629.05,2025-09-26,Release
MPLADS/MA/2025-2026/0162,2,880684.67,2025-12-10,Release
MPLADS/MA/2025-2026/0162,3,649129.37,2026-03-26,Release
MPLADS/TA/2025-2026/0163,1,929402.06,2025-06-02,Release
MPLADS/TA/2025-2026/0163,2,1302796.24,2025-08-04,Release
MPLADS/TA/2026-2027/0164,1,1331208.39,2026-02-09,Release
MPLADS/MA/2026-2027/0165,1,321876.76,2026-03-03,Release
MPLADS/MA/2026-2027/0165,2,267335.24,2026-08-16,Release
MPLADS/MA/2026-2027/0165,3,291058.63,2027-01-24,Release
MPLADS/MA/2026-2027/0165,4,420989.92,2027-06-09,Release
MPLADS/KA/2024-2025/0166,1,1317828.2,2024-05-24,Release
MPLADS/KA/2024-2025/0166,2,1745593.05,2024-11-08,Release
MPLADS/KA/2024-2025/0166,3,1891905.02,2025-01-14,Release
MPLADS/KA/2024-2025/0166,4,1525763.06,2025-04-22,Release
MPLADS/MA/2024-2025/0167,1,709612.93,2024-11-15,Release
MPLADS/MA/2024-2025/0167,2,767711.33,2025-03-07,Release
MPLADS/UT/2026-2027/0168,1,1310811.04,2026-02-08,Release
MPLADS/UT/2025-2026/0169,1,215960.37,2025-05-01,Release
MPLADS/UT/2025-2026/0169,2,214321.7,2025-10-23,Release
MPLADS/UT/2025-2026/0169,3,194389.61,2026-01-23,Release
MPLADS/TA/2025-2026/0170,1,694737.68,2025-07-02,Release
MPLADS/UT/2026-2027/0171,1,104977.95,2026-05-04,Release
MPLADS/UT/2026-2027/0171,2,124125.11,2026-09-07,Release
MPLADS/TA/2025-2026/0172,1,307264.7,2025-03-24,Release
MPLADS/TA/2025-2026/0172,2,308084.03,2025-09-16,Release
MPLADS/TA/2025-2026/0172,3,434335.97,2025-12-09,Release
MPLADS/MA/2026-2027/0173,1,289403.87,2026-04-15,Release
MPLADS/MA/2026-2027/0173,2,344134.32,2026-08-11,Release
MPLADS/MA/2026-2027/0173,3,263858.45,2026-12-12,Release
MPLADS/KA/2024-2025/0174,1,1693358.73,2024-04-10,Release
MPLADS/MA/2023-2024/0175,1,1046753.16,2023-11-07,Release
MPLADS/MA/2023-2024/0175,2,1238159.15,2024-03-20,Release
MPLADS/UT/2023-2024/0176,1,1000211.77,2023-11-20,Release
MPLADS/UT/2023-2024/0176,2,1137159.57,2024-02-10,Release
MPLADS/MA/2025-2026/0177,1,439348.41,2025-03-07,Release
MPLADS/TA/2025-2026/0178,1,1431895.84,2025-08-14,Release
MPLADS/TA/2025-2026/0178,2,1401379.49,2025-12-31,Release
MPLADS/KA/2024-2025/0179,1,218946.04,2024-05-15,Release
MPLADS/KA/2024-2025/0179,2,187359.23,2024-09-06,Release
MPLADS/UT/2026-2027/0180,1,800013.6,2026-06-10,Release
MPLADS/UT/2026-2027/0180,2,754091.01,2026-08-15,Release
MPLADS/UT/2026-2027/0180,3,596787.37,2026-10-30,Release
MPLADS/TA/2024-2025/0181,1,350669.91,2024-09-22,Release
MPLADS/TA/2024-2025/0181,2,384571.23,2025-02-11,Release
MPLADS/TA/2024-2025/0181,3,313156.31,2025-06-17,Release
MPLADS/MA/2025-2026/0182,1,151835.06,2025-04-15,Release
MPLADS/MA/2025-2026/0182,2,186795.4,2025-10-09,Release
MPLADS/MA/2025-2026/0182,3,148567.93,2026-01-03,Release
MPLADS/MA/2025-2026/0182,4,182169.35,2026-06-22,Release
MPLADS/MA/2025-2026/0183,1,143464.55,2025-01-25,Release
MPLADS/MA/2025-2026/0183,2,174705.08,2025-06-30,Release
MPLADS/KA/2026-2027/0184,1,285106.97,2026-05-10,Release
MPLADS/KA/2026-2027/0184,2,271571.28,2026-09-10,Release
MPLADS/KA/2026-2027/0184,3,286183.26,2026-12-01,Release
MPLADS/KA/2026-2027/0184,4,329209.63,2027-02-08,Release
MPLADS/UT/2026-2027/0185,1,821107.76,2026-02-02,Release
MPLADS/UT/2026-2027/0185,2,662203.55,2026-04-12,Release
MPLADS/UT/2026-2027/0185,3,620937.9,2026-07-23,Release
MPLADS/UT/2025-2026/0186,1,2760241.44,2025-05-10,Release
MPLADS/MA/2025-2026/0187,1,1734980.89,2025-04-28,Release
MPLADS/MA/2025-2026/0187,2,1167028.97,2025-10-15,Release
MPLADS/KA/2026-2027/0188,1,541425.73,2026-06-27,Release
MPLADS/KA/2026-2027/0188,2,444982.68,2026-09-05,Release
MPLADS/KA/2026-2027/0188,3,456420.0,2027-02-10,Release
MPLADS/TA/2023-2024/0189,1,360015.14,2023-03-26 00:00:00,Release
MPLADS/TA/2023-2024/0189,2,272209.98,2023-07-07 00:00:00,Release
MPLADS/TA/2023-2024/0189,3,285134.31,2023-12-10 00:00:00,Release
MPLADS/UT/2025-2026/0190,1,722938.48,2025-08-29,Release
MPLADS/UT/2025-2026/0190,2,514061.53,2025-12-09,Release
MPLADS/KA/2025-2026/0191,1,412359.58,2025-04-19,Release
MPLADS/KA/2025-2026/0191,2,451606.5,2025-07-30,Release
MPLADS/UT/2026-2027/0192,1,362269.78,2026-03-21 00:00:00,Release
MPLADS/UT/2026-2027/0192,2,405126.78,2026-05-28 00:00:00,Release
MPLADS/UT/2026-2027/0192,3,310737.47,2026-08-22 00:00:00,Release
MPLADS/UT/2026-2027/0192,4,313410.89,2026-10-29 00:00:00,Release
MPLADS/UT/2024-2025/0193,1,2076852.83,2024-05-20,Release
MPLADS/UT/2024-2025/0193,2,2017960.76,2024-10-22,Release
MPLADS/UT/2024-2025/0193,3,3221010.3,2025-04-10,Release
MPLADS/TA/2024-2025/0194,1,392329.43,2024-08-14,Release
MPLADS/TA/2024-2025/0194,2,362645.01,2024-12-16,Release
MPLADS/TA/2024-2025/0194,3,246153.93,2025-03-19 00:00:00,Release
MPLADS/UT/2026-2027/0195,1,573266.11,2026-03-08,Release
MPLADS/UT/2026-2027/0195,2,487259.6,2026-08-09,Release
MPLADS/UT/2026-2027/0195,3,687091.49,2027-02-02,Release
MPLADS/UT/2026-2027/0196,1,1813304.93,2026-10-23,Release
MPLADS/UT/2024-2025/0197,1,171754.23,2024-03-29,Release
MPLADS/UT/2024-2025/0197,2,127412.92,2024-08-16,Release
MPLADS/TA/2025-2026/0198,1,714257.43,2025-07-07,Release
MPLADS/TA/2025-2026/0198,2,817693.78,2025-10-16,Release
MPLADS/TA/2025-2026/0198,3,1012637.54,2026-01-10,Release
MPLADS/MA/2024-2025/0199,1,157692.54,2024-03-23 00:00:00,Release
MPLADS/MA/2024-2025/0199,2,194679.23,2024-06-05 00:00:00,Release
MPLADS/MA/2024-2025/0199,3,186587.45,2024-10-28 00:00:00,Release
MPLADS/MA/2025-2026/0200,1,67027.5,2025-11-12,Release
MPLADS/MA/2025-2026/0200,2,67688.63,2026-04-28,Release
MPLADS/MA/2025-2026/0200,3,65782.92,2026-09-12,Release
MPLADS/MA/2025-2026/0200,4,112676.12,2027-01-18,Release
MPLADS/TA/2026-2027/0201,1,356059.45,2026-11-08,Release
MPLADS/UT/2025-2026/0202,1,2745166.49,2026-01-17,Release
MPLADS/MA/2025-2026/0203,1,607387.64,2025-11-30,Release
MPLADS/MA/2023-2024/0204,1,2453374.73,2023-11-20,Release
MPLADS/MA/2024-2025/0205,1,409391.43,2024-09-22,Release
MPLADS/MA/2024-2025/0205,2,318359.94,2025-02-09,Release
MPLADS/MA/2024-2025/0205,3,362747.7,2025-06-18,Release
MPLADS/TA/2024-2025/0206,1,172810.25,2024-08-24,Release
MPLADS/TA/2024-2025/0206,2,188840.55,2024-10-31,Release
MPLADS/KA/2026-2027/0207,1,903860.44,2026-01-09,Release
MPLADS/KA/2026-2027/0208,1,537584.31,2026-06-23,Release
MPLADS/KA/2026-2027/0208,2,619353.65,2026-10-10,Release
MPLADS/KA/2026-2027/0208,3,493311.4,2027-03-07,Release
MPLADS/KA/2026-2027/0208,4,662583.55,2027-08-11,Release
MPLADS/MA/2024-2025/0209,1,726948.26,2024-04-23,Release
MPLADS/MA/2024-2025/0209,2,679121.14,2024-09-11,Release
MPLADS/KA/2024-2025/0210,1,770431.76,2024-11-09,Release
MPLADS/MA/2026-2027/0211,1,785153.51,2026-04-07,Release
MPLADS/MA/2026-2027/0211,2,725875.72,2026-09-08,Release
MPLADS/TA/2025-2026/0212,1,2062360.04,2025-05-20,Release
MPLADS/MA/2023-2024/0213,1,671721.0,2023-12-27,Release
MPLADS/MA/2023-2024/0213,2,663984.82,2024-05-27,Release
MPLADS/MA/2023-2024/0213,3,905019.27,2024-09-30,Release
MPLADS/TA/2024-2025/0214,1,495061.59,2024-07-01,Release
MPLADS/UT/2025-2026/0215,1,318245.82,2025-08-05,Release
MPLADS/MA/2025-2026/0216,1,2143353.52,2025-02-27,Release
MPLADS/KA/2025-2026/0217,1,94363.69,2025-11-22,Release
MPLADS/KA/2025-2026/0217,2,81202.75,2026-04-28,Release
MPLADS/KA/2025-2026/0217,3,106926.59,2026-03-27 00:00:00,Release
MPLADS/UT/2024-2025/0218,1,284542.38,2024-10-17,Release
MPLADS/UT/2024-2025/0218,2,369367.79,2025-01-24,Release
MPLADS/TA/2025-2026/0219,1,63318.82,2025-12-19,Release
MPLADS/TA/2025-2026/0219,2,86102.85,2026-05-21,Release
MPLADS/TA/2025-2026/0219,3,87528.62,2026-11-15,Release
MPLADS/MA/2026-2027/0220,1,220978.63,2026-04-01,Release
MPLADS/MA/2026-2027/0220,2,189456.94,2026-09-27,Release
MPLADS/MA/2026-2027/0220,3,143400.68,2027-01-20,Release
MPLADS/UT/2025-2026/0221,1,274044.94,2025-09-26,Release
MPLADS/UT/2025-2026/0221,2,257618.3,2025-03-26 00:00:00,Release
MPLADS/UT/2025-2026/0221,3,310949.77,2025-03-19 00:00:00,Release
MPLADS/UT/2025-2026/0221,4,306261.91,2025-06-20 00:00:00,Release
MPLADS/KA/2025-2026/0222,1,152050.76,2025-09-21,Release
MPLADS/KA/2024-2025/0223,1,251047.61,2024-07-30,Release
MPLADS/KA/2024-2025/0223,2,328518.54,2024-12-25,Release
MPLADS/KA/2024-2025/0224,1,64746.02,2024-09-23,Release
MPLADS/KA/2024-2025/0224,2,58366.44,2024-12-05,Release
MPLADS/KA/2024-2025/0224,3,42941.55,2025-03-19,Release
MPLADS/MA/2024-2025/0225,1,306047.82,2024-09-07,Release
MPLADS/KA/2026-2027/0226,1,1803576.53,2026-10-06,Release
MPLADS/UT/2026-2027/0227,1,652157.99,2026-05-01,Release
MPLADS/UT/2024-2025/0228,1,173706.49,2024-10-05,Release
MPLADS/UT/2024-2025/0228,2,156369.89,2025-03-22 00:00:00,Release
MPLADS/UT/2024-2025/0228,3,238055.92,2025-07-21 00:00:00,Release
MPLADS/KA/2026-2027/0229,1,637209.68,2026-03-15,Release
MPLADS/KA/2026-2027/0229,2,681742.52,2026-07-19,Release
MPLADS/KA/2026-2027/0229,3,567398.76,2027-01-14,Release
MPLADS/KA/2026-2027/0229,4,396093.18,2027-05-31,Release
MPLADS/TA/2026-2027/0230,1,279341.25,2026-05-05,Release
MPLADS/TA/2026-2027/0230,2,307896.09,2026-08-18,Release
MPLADS/MA/2025-2026/0231,1,65744.62,2025-07-27,Release
MPLADS/MA/2025-2026/0231,2,73133.79,2025-12-30,Release
MPLADS/MA/2025-2026/0231,3,69785.88,2026-05-18,Release
MPLADS/MA/2025-2026/0231,4,51131.24,2026-09-20,Release
MPLADS/MA/2025-2026/0232,1,1286997.07,2025-07-24,Release
MPLADS/MA/2025-2026/0232,2,879958.28,2025-12-17,Release
MPLADS/UT/2024-2025/0233,1,1122110.36,2025-01-10,Release
MPLADS/UT/2024-2025/0233,2,1006999.16,2025-04-17,Release
MPLADS/UT/2024-2025/0233,3,767702.99,2025-10-05,Release
MPLADS/TA/2025-2026/0234,1,230682.1,2025-02-26,Release
MPLADS/TA/2025-2026/0234,2,299432.33,2025-07-06,Release
MPLADS/TA/2025-2026/0234,3,221669.09,2025-12-27,Release
MPLADS/MA/2025-2026/0235,1,2299626.52,2025-05-22,Release
MPLADS/MA/2024-2025/0236,1,768348.97,2024-04-27,Release
MPLADS/MA/2024-2025/0236,2,533273.87,2024-09-19,Release
MPLADS/MA/2025-2026/0237,1,63754.86,2025-12-26,Release
MPLADS/MA/2025-2026/0237,2,71341.85,2026-04-13,Release
MPLADS/MA/2025-2026/0237,3,48763.49,2026-09-12,Release
MPLADS/MA/2025-2026/0238,1,161631.56,2025-11-24,Release
MPLADS/MA/2025-2026/0238,2,193351.79,2026-03-07,Release
MPLADS/MA/2025-2026/0238,3,174152.02,2026-08-09,Release
MPLADS/MA/2023-2024/0239,1,254432.72,2023-10-31,Release
MPLADS/MA/2023-2024/0239,2,232762.41,2024-02-22,Release
MPLADS/MA/2023-2024/0239,3,265385.37,2024-07-17,Release
MPLADS/UT/2024-2025/0240,1,1175641.34,2024-11-27,Release
MPLADS/UT/2024-2025/0240,2,1440265.74,2025-03-04,Release
MPLADS/UT/2024-2025/0240,3,1090104.68,2025-06-30,Release
MPLADS/UT/2024-2025/0240,4,1370321.53,2025-12-02,Release
MPLADS/MA/2026-2027/0241,1,593466.72,2026-09-03,Release
MPLADS/MA/2026-2027/0241,2,719374.89,2027-01-31,Release
MPLADS/MA/2026-2027/0241,3,697310.9,2027-04-28,Release
MPLADS/MA/2026-2027/0241,4,784652.18,2027-08-14,Release
MPLADS/MA/2025-2026/0242,1,739661.77,2025-07-11,Release
MPLADS/MA/2025-2026/0242,2,952531.28,2026-01-05,Release
MPLADS/MA/2025-2026/0242,3,800968.49,2026-05-07,Release
MPLADS/TA/2025-2026/0243,1,324758.45,2025-08-08,Release
MPLADS/TA/2025-2026/0243,2,366715.09,2025-10-16,Release
MPLADS/UT/2024-2025/0244,1,632430.42,2024-02-28,Release
MPLADS/UT/2024-2025/0244,2,593027.68,2024-08-14,Release
MPLADS/UT/2023-2024/0245,1,167891.53,2023-12-23,Release
MPLADS/UT/2023-2024/0245,2,200673.13,2024-05-25,Release
MPLADS/UT/2023-2024/0245,3,194954.28,2024-11-10,Release
MPLADS/UT/2023-2024/0245,4,193384.56,2025-04-28,Release
MPLADS/MA/2026-2027/0246,1,813399.04,2026-08-03,Release
MPLADS/UT/2025-2026/0247,1,2206769.71,2026-01-12,Release
MPLADS/UT/2025-2026/0247,2,2352347.14,2026-04-04,Release
MPLADS/UT/2025-2026/0247,3,2091449.99,2026-08-30,Release
MPLADS/MA/2024-2025/0248,1,113350.38,2024-10-03,Release
MPLADS/MA/2024-2025/0248,2,140263.23,2024-12-17,Release
MPLADS/MA/2024-2025/0248,3,168998.65,2025-04-21,Release
MPLADS/MA/2024-2025/0249,1,634366.3,2024-02-18,Release
MPLADS/MA/2024-2025/0249,2,588919.28,2024-07-09,Release
MPLADS/UT/2026-2027/0250,1,196429.74,2026-04-18,Release
MPLADS/UT/2026-2027/0250,2,230762.71,2026-09-25,Release
MPLADS/UT/2026-2027/0250,3,232809.86,2027-01-29,Release
MPLADS/UT/2026-2027/0250,4,160575.94,2027-07-12,Release
MPLADS/KA/2024-2025/0251,1,124880.58,2024-01-27,Release
MPLADS/KA/2024-2025/0251,2,132577.48,2024-03-21 00:00:00,Release
MPLADS/KA/2024-2025/0251,3,172189.27,2024-08-11 00:00:00,Release
MPLADS/MA/2024-2025/0252,1,523653.61,2024-11-28,Release
MPLADS/MA/2024-2025/0252,2,485895.54,2025-03-31 00:00:00,Release
MPLADS/MA/2024-2025/0252,3,611300.57,2025-09-22 00:00:00,Release
MPLADS/MA/2023-2024/0253,1,781967.1,2023-12-06,Release
MPLADS/MA/2023-2024/0253,2,629795.73,2024-05-02,Release
MPLADS/MA/2023-2024/0253,3,838569.44,2024-03-19 00:00:00,Release
MPLADS/TA/2026-2027/0254,1,907837.35,2026-07-31,Release
MPLADS/UT/2025-2026/0255,1,272340.74,2025-12-06,Release
MPLADS/UT/2025-2026/0255,2,381301.9,2026-03-30,Release
MPLADS/MA/2026-2027/0256,1,614363.33,2026-05-01,Release
MPLADS/MA/2026-2027/0256,2,624261.27,2026-09-03,Release
MPLADS/MA/2026-2027/0256,3,558710.88,2026-11-21,Release
MPLADS/MA/2026-2027/0257,1,1816662.48,2026-09-17,Release
MPLADS/MA/2024-2025/0258,1,467255.79,2024-02-25,Release
MPLADS/MA/2024-2025/0258,2,695151.08,2024-05-23,Release
MPLADS/UT/2024-2025/0259,1,429954.84,2024-05-12,Release
MPLADS/UT/2024-2025/0259,2,420107.67,2024-10-29,Release
MPLADS/MA/2024-2025/0260,1,254768.24,2024-05-24,Release
MPLADS/MA/2024-2025/0260,2,174423.5,2024-10-07,Release
MPLADS/MA/2025-2026/0261,1,77595.66,2025-09-11,Release
MPLADS/MA/2025-2026/0261,2,95198.57,2025-11-16,Release
MPLADS/MA/2025-2026/0261,3,71853.2,2026-03-03,Release
MPLADS/UT/2024-2025/0262,1,758973.86,2024-06-19,Release
MPLADS/UT/2024-2025/0262,2,908497.35,2024-12-16,Release
MPLADS/UT/2026-2027/0263,1,89237.58,2026-01-25,Release
MPLADS/UT/2026-2027/0263,2,80114.47,2026-04-25,Release
MPLADS/KA/2025-2026/0264,1,1434952.66,2025-03-09,Release
MPLADS/KA/2025-2026/0264,2,1264725.37,2025-08-09,Release
MPLADS/KA/2025-2026/0264,3,1740180.74,2026-01-03,Release
MPLADS/MA/2025-2026/0265,1,497314.69,2025-02-11,Release
MPLADS/MA/2025-2026/0265,2,458993.06,2025-07-10,Release
MPLADS/MA/2025-2026/0265,3,402021.66,2025-12-11,Release
MPLADS/MA/2025-2026/0266,1,138109.63,2025-11-06,Release
MPLADS/MA/2025-2026/0266,2,128748.88,2026-04-27,Release
MPLADS/MA/2025-2026/0266,3,82532.87,2026-07-18,Release
MPLADS/MA/2026-2027/0267,1,1469320.15,2026-06-19,Release
MPLADS/MA/2026-2027/0267,2,1672994.15,2026-12-02,Release
MPLADS/UT/2026-2027/0268,1,205015.31,2026-02-16,Release
MPLADS/UT/2026-2027/0268,2,223238.09,2026-08-13,Release
MPLADS/MA/2025-2026/0269,1,245550.11,2025-07-03,Release
MPLADS/MA/2025-2026/0269,2,308781.43,2025-10-15,Release
MPLADS/MA/2025-2026/0269,3,246949.94,2026-03-28 00:00:00,Release
MPLADS/TA/2024-2025/0270,1,1198349.75,2024-05-30,Release
MPLADS/TA/2024-2025/0270,2,1464490.21,2024-09-14,Release
MPLADS/UT/2024-2025/0271,1,1096174.88,2024-02-03,Release
MPLADS/UT/2024-2025/0271,2,1232408.38,2024-05-18,Release
MPLADS/MA/2024-2025/0272,1,51173.82,2024-12-14,Release
MPLADS/MA/2024-2025/0272,2,70109.81,2025-04-14,Release
MPLADS/MA/2024-2025/0272,3,56377.54,2025-06-28,Release
MPLADS/TA/2025-2026/0273,1,785390.78,2025-08-11,Release
MPLADS/TA/2025-2026/0273,2,747269.99,2026-02-05,Release
MPLADS/TA/2025-2026/0273,3,511373.95,2026-04-22,Release
MPLADS/KA/2024-2025/0274,1,367711.61,2025-01-25,Release
MPLADS/KA/2024-2025/0274,2,281993.25,2025-06-10,Release
MPLADS/TA/2024-2025/0275,1,479498.16,2024-08-03,Release
MPLADS/TA/2024-2025/0275,2,634320.92,2024-11-02,Release
MPLADS/MA/2025-2026/0276,1,484545.27,2025-04-01,Release
MPLADS/UT/2025-2026/0277,1,352016.82,2025-09-04,Release
MPLADS/UT/2025-2026/0277,2,429392.04,2025-11-27,Release
MPLADS/UT/2025-2026/0277,3,318055.87,2026-04-14,Release
MPLADS/UT/2025-2026/0278,1,364335.88,2025-05-15,Release
MPLADS/UT/2025-2026/0278,2,407274.67,2025-07-20,Release
MPLADS/UT/2025-2026/0278,3,553986.5,2025-10-23,Release
MPLADS/MA/2024-2025/0279,1,598336.91,2024-12-01,Release
MPLADS/MA/2024-2025/0279,2,754156.27,2025-05-26,Release
MPLADS/MA/2024-2025/0280,1,97893.37,2024-02-23,Release
MPLADS/MA/2024-2025/0280,2,104973.33,2024-07-30,Release
MPLADS/MA/2024-2025/0280,3,72223.11,2024-12-31,Release
MPLADS/MA/2025-2026/0281,1,294932.41,2025-09-17,Release
MPLADS/MA/2025-2026/0281,2,243138.4,2025-11-29,Release
MPLADS/MA/2025-2026/0281,3,232930.46,2026-02-12,Release
MPLADS/MA/2025-2026/0281,4,370233.5,2026-08-04,Release
MPLADS/MA/2024-2025/0282,1,2091054.39,2024-04-05,Release
MPLADS/UT/2024-2025/0283,1,1623266.8,2024-03-16,Release
MPLADS/MA/2024-2025/0284,1,237559.04,2024-01-22,Release
MPLADS/MA/2024-2025/0284,2,285849.16,2024-05-28,Release
MPLADS/MA/2024-2025/0284,3,207955.03,2024-07-29,Release
MPLADS/UT/2024-2025/0285,1,1865139.63,2024-08-06,Release
MPLADS/UT/2024-2025/0285,2,1504356.56,2025-01-17,Release
MPLADS/UT/2024-2025/0285,3,1336532.27,2025-07-07,Release
MPLADS/KA/2023-2024/0286,1,52361.59,2023-11-28,Release
MPLADS/KA/2023-2024/0286,2,43380.02,2024-01-27,Release
MPLADS/KA/2023-2024/0286,3,54883.26,2024-03-31 00:00:00,Release
MPLADS/MA/2024-2025/0287,1,384503.57,2024-07-04,Release
MPLADS/UT/2023-2024/0288,1,425202.75,2023-11-15,Release
MPLADS/UT/2023-2024/0288,2,379370.06,2024-04-28,Release
MPLADS/KA/2026-2027/0289,1,255015.62,2026-08-31,Release
MPLADS/KA/2026-2027/0289,2,294150.83,2027-02-21,Release
MPLADS/KA/2026-2027/0289,3,295614.87,2027-04-29,Release
MPLADS/MA/2026-2027/0290,1,196426.84,2026-05-09,Release
MPLADS/MA/2026-2027/0290,2,227518.08,2026-10-15,Release
MPLADS/MA/2026-2027/0290,3,156652.49,2027-03-16,Release
MPLADS/TA/2024-2025/0291,1,303899.1,2024-02-20,Release
MPLADS/TA/2024-2025/0291,2,367113.15,2024-07-09,Release
MPLADS/TA/2024-2025/0291,3,309618.27,2024-09-26,Release
MPLADS/MA/2025-2026/0292,1,525955.72,2025-11-12,Release
MPLADS/UT/2026-2027/0293,1,681120.5,2026-01-28,Release
MPLADS/UT/2026-2027/0293,2,586143.23,2026-04-16,Release
MPLADS/UT/2026-2027/0294,1,4872357.86,2026-05-29,Release
MPLADS/KA/2026-2027/0295,1,322377.64,2026-03-15 00:00:00,Release
MPLADS/MA/2024-2025/0296,1,468063.48,2024-08-07,Release
MPLADS/UT/2025-2026/0297,1,304654.66,2026-03-24 00:00:00,Release
MPLADS/UT/2025-2026/0297,2,378562.3,2026-06-05 00:00:00,Release
MPLADS/UT/2025-2026/0297,3,301640.46,2026-08-22 00:00:00,Release
MPLADS/UT/2025-2026/0297,4,522432.66,2026-11-19 00:00:00,Release
MPLADS/KA/2024-2025/0298,1,350730.66,2024-02-19,Release
MPLADS/KA/2024-2025/0298,2,270518.7,2024-05-10,Release
MPLADS/TA/2024-2025/0299,1,638971.19,2024-11-28,Release
MPLADS/TA/2024-2025/0299,2,453915.11,2025-03-19 00:00:00,Release
MPLADS/TA/2024-2025/0300,1,1027573.31,2024-09-24,Release
MPLADS/TA/2024-2025/0300,2,823670.01,2025-03-15,Release
MPLADS/TA/2024-2025/0300,3,1084950.81,2025-08-06,Release
MPLADS/MA/2024-2025/0301,1,754078.77,2024-06-08,Release
MPLADS/UT/2024-2025/0302,1,259548.95,2024-11-01,Release
MPLADS/UT/2024-2025/0302,2,216389.39,2025-02-10,Release
MPLADS/KA/2026-2027/0303,1,1358569.61,2026-03-24,Release
MPLADS/KA/2026-2027/0303,2,1367509.61,2026-09-20,Release
MPLADS/KA/2026-2027/0303,3,1138464.48,2027-01-11,Release
MPLADS/KA/2025-2026/0304,1,226941.84,2025-08-04,Release
MPLADS/KA/2025-2026/0304,2,263435.9,2025-12-30,Release
MPLADS/KA/2025-2026/0304,3,212419.83,2026-03-11,Release
MPLADS/MA/2024-2025/0305,1,781405.8,2024-07-16,Release
MPLADS/UT/2025-2026/0306,1,266127.5,2025-02-06,Release
MPLADS/UT/2025-2026/0306,2,350022.32,2025-07-05,Release
MPLADS/UT/2025-2026/0306,3,354709.45,2025-09-06,Release
MPLADS/TA/2024-2025/0307,1,1018945.54,2024-06-18,Release
MPLADS/TA/2024-2025/0307,2,1431628.85,2024-10-28,Release
MPLADS/UT/2024-2025/0308,1,201635.1,2024-03-16,Release
MPLADS/UT/2024-2025/0308,2,221144.12,2024-03-18 00:00:00,Release
MPLADS/UT/2024-2025/0308,3,172243.25,2024-06-05 00:00:00,Release
MPLADS/UT/2024-2025/0308,4,241109.48,2024-10-20 00:00:00,Release
MPLADS/MA/2024-2025/0309,1,1586266.35,2025-01-07,Release
MPLADS/MA/2024-2025/0309,2,1338905.87,2025-05-20,Release
MPLADS/TA/2026-2027/0310,1,469374.74,2026-08-20,Release
MPLADS/TA/2026-2027/0310,2,507662.69,2026-11-16,Release
MPLADS/TA/2026-2027/0310,3,552818.9,2027-03-27,Release
MPLADS/TA/2026-2027/0310,4,592221.21,2027-08-22,Release
MPLADS/MA/2024-2025/0311,1,302222.39,2024-11-27,Release
MPLADS/MA/2024-2025/0311,2,259035.81,2025-02-08,Release
MPLADS/MA/2024-2025/0311,3,373750.24,2025-07-26,Release
MPLADS/KA/2024-2025/0312,1,15910568.24,2024-03-12,Release
MPLADS/MA/2025-2026/0313,1,365060.85,2025-03-17 00:00:00,Release
MPLADS/MA/2025-2026/0313,2,339310.28,2025-09-13 00:00:00,Release
MPLADS/MA/2025-2026/0313,3,335459.1,2026-02-16 00:00:00,Release
MPLADS/MA/2025-2026/0313,4,429933.11,2026-05-11 00:00:00,Release
MPLADS/MA/2023-2024/0314,1,1157603.81,2023-10-25,Release
MPLADS/MA/2023-2024/0314,2,1171795.46,2024-03-27 00:00:00,Release
MPLADS/MA/2023-2024/0314,3,837546.8,2024-07-26 00:00:00,Release
MPLADS/TA/2024-2025/0315,1,1271447.72,2024-08-30,Release
MPLADS/TA/2024-2025/0315,2,932557.98,2025-01-20,Release
MPLADS/UT/2026-2027/0316,1,173219.24,2026-06-23,Release
MPLADS/UT/2026-2027/0316,2,146340.42,2026-09-07,Release
MPLADS/UT/2026-2027/0316,3,183949.41,2027-03-27 00:00:00,Release
MPLADS/UT/2026-2027/0316,4,122139.17,2027-06-25 00:00:00,Release
MPLADS/KA/2025-2026/0317,1,204806.92,2025-08-06,Release
MPLADS/KA/2025-2026/0317,2,258901.33,2025-11-13,Release
MPLADS/KA/2025-2026/0317,3,294273.35,2026-04-22,Release
MPLADS/KA/2025-2026/0317,4,258459.31,2026-08-18,Release
MPLADS/TA/2024-2025/0318,1,457713.23,2024-02-24,Release
MPLADS/TA/2024-2025/0318,2,592479.77,2024-05-27,Release
MPLADS/UT/2025-2026/0319,1,4940234.08,2025-03-27,Release
MPLADS/TA/2026-2027/0320,1,311629.4,2026-03-21,Release
MPLADS/TA/2026-2027/0320,2,371980.16,2026-03-16 00:00:00,Release
MPLADS/TA/2026-2027/0320,3,249061.7,2026-08-17 00:00:00,Release
MPLADS/MA/2024-2025/0321,1,123001.01,2024-05-11,Release
MPLADS/MA/2024-2025/0321,2,173675.97,2024-09-07,Release
MPLADS/MA/2024-2025/0322,1,754052.73,2024-08-01,Release
MPLADS/KA/2025-2026/0323,1,629048.03,2025-12-10,Release
MPLADS/KA/2025-2026/0323,2,534868.19,2026-03-15,Release
MPLADS/MA/2023-2024/0324,1,400626.26,2023-11-16,Release
MPLADS/MA/2023-2024/0324,2,469511.31,2024-03-01,Release
MPLADS/MA/2023-2024/0324,3,392189.08,2024-05-27,Release
MPLADS/MA/2025-2026/0325,1,171602.43,2026-01-05,Release
MPLADS/MA/2025-2026/0325,2,171447.41,2026-04-26,Release
MPLADS/MA/2025-2026/0325,3,274642.42,2026-08-21,Release
MPLADS/MA/2024-2025/0326,1,168160.63,2024-08-09,Release
MPLADS/MA/2026-2027/0327,1,1818474.78,2026-04-14,Release
MPLADS/MA/2026-2027/0328,1,345673.91,2026-10-04,Release
MPLADS/MA/2026-2027/0328,2,327022.66,2027-03-08,Release
MPLADS/MA/2026-2027/0328,3,195432.99,2027-05-08,Release
MPLADS/UT/2024-2025/0329,1,551022.65,2024-04-04,Release
MPLADS/UT/2024-2025/0329,2,391976.17,2024-09-20,Release
MPLADS/UT/2024-2025/0329,3,439979.72,2025-02-01,Release
MPLADS/TA/2025-2026/0330,1,1559501.44,2025-12-17,Release
MPLADS/TA/2025-2026/0330,2,1081593.35,2026-04-29,Release
MPLADS/MA/2025-2026/0331,1,311606.21,2026-01-11,Release
MPLADS/MA/2025-2026/0331,2,265588.3,2026-05-09,Release
MPLADS/TA/2026-2027/0332,1,239936.83,2026-07-30,Release
MPLADS/TA/2026-2027/0332,2,265593.19,2026-10-18,Release
MPLADS/MA/2025-2026/0333,1,369543.74,2025-03-07,Release
MPLADS/MA/2025-2026/0333,2,515105.82,2025-07-23,Release
MPLADS/MA/2025-2026/0333,3,483352.78,2025-12-25,Release
MPLADS/MA/2025-2026/0333,4,388541.18,2026-03-07,Release
MPLADS/KA/2025-2026/0334,1,194673.73,2025-01-26,Release
MPLADS/KA/2025-2026/0334,2,153920.17,2025-04-10,Release
MPLADS/KA/2025-2026/0334,3,164790.23,2025-06-24,Release
MPLADS/KA/2025-2026/0334,4,187667.8,2025-10-21,Release
MPLADS/MA/2025-2026/0335,1,444117.66,2025-02-15,Release
MPLADS/MA/2025-2026/0335,2,530935.8,2025-08-06,Release
MPLADS/MA/2025-2026/0335,3,522688.18,2026-01-28,Release
MPLADS/KA/2026-2027/0336,1,379342.62,2026-08-14,Release
MPLADS/MA/2025-2026/0337,1,94073.75,2025-02-06,Release
MPLADS/MA/2025-2026/0337,2,88020.89,2025-07-22,Release
MPLADS/MA/2025-2026/0337,3,91336.91,2025-11-13,Release
MPLADS/MA/2025-2026/0337,4,155607.75,2026-04-15,Release
MPLADS/UT/2025-2026/0338,1,576936.79,2025-02-04,Release
MPLADS/UT/2025-2026/0338,2,574975.29,2025-07-14,Release
MPLADS/TA/2025-2026/0339,1,738313.56,2025-06-29,Release
MPLADS/TA/2025-2026/0339,2,594366.89,2025-11-15,Release
MPLADS/KA/2024-2025/0340,1,501351.94,2024-11-14,Release
MPLADS/KA/2024-2025/0340,2,523069.48,2025-04-06,Release
MPLADS/KA/2024-2025/0340,3,329320.46,2025-08-12,Release
MPLADS/MA/2024-2025/0341,1,657935.72,2024-03-18 00:00:00,Release
MPLADS/MA/2025-2026/0342,1,763146.43,2025-04-01,Release
MPLADS/MA/2025-2026/0342,2,766668.03,2025-09-15,Release
MPLADS/MA/2025-2026/0343,1,2758395.86,2025-11-02,Release
MPLADS/MA/2025-2026/0343,2,2680919.76,2026-02-27,Release
MPLADS/MA/2025-2026/0343,3,1719860.82,2026-04-29,Release
MPLADS/KA/2024-2025/0344,1,145713.45,2024-09-07,Release
MPLADS/KA/2024-2025/0344,2,140393.82,2025-02-08,Release
MPLADS/MA/2024-2025/0345,1,310173.33,2024-02-09,Release
MPLADS/MA/2024-2025/0345,2,313660.61,2024-05-20,Release
MPLADS/MA/2024-2025/0345,3,476181.51,2024-10-15,Release
MPLADS/KA/2024-2025/0346,1,375657.42,2025-01-21,Release
MPLADS/KA/2024-2025/0346,2,390814.23,2025-05-12,Release
MPLADS/KA/2024-2025/0346,3,359348.12,2025-08-05,Release
MPLADS/KA/2024-2025/0346,4,211509.72,2025-11-08,Release
MPLADS/TA/2026-2027/0347,1,163972.34,2026-03-23,Release
MPLADS/TA/2026-2027/0347,2,146001.87,2026-07-18,Release
MPLADS/TA/2026-2027/0347,3,141813.19,2026-12-29,Release
MPLADS/UT/2025-2026/0348,1,178477.3,2025-03-11,Release
MPLADS/UT/2025-2026/0348,2,130365.77,2025-06-11,Release
MPLADS/MA/2023-2024/0349,1,349516.63,2023-10-17,Release
MPLADS/MA/2023-2024/0349,2,449957.84,2024-01-12,Release
MPLADS/UT/2025-2026/0350,1,542438.36,2025-05-25,Release
MPLADS/UT/2025-2026/0350,2,557674.21,2025-11-16,Release
MPLADS/KA/2026-2027/0351,1,567966.14,2026-02-17,Release
MPLADS/KA/2026-2027/0351,2,477524.66,2026-07-30,Release
MPLADS/TA/2025-2026/0352,1,206673.58,2025-06-20,Release
MPLADS/TA/2025-2026/0352,2,222156.62,2025-03-23 00:00:00,Release
MPLADS/TA/2025-2026/0352,3,239260.64,2025-07-14 00:00:00,Release
MPLADS/MA/2025-2026/0353,1,898205.18,2025-08-01,Release
MPLADS/MA/2025-2026/0353,2,939621.19,2025-09-30,Release
MPLADS/MA/2025-2026/0353,3,582511.07,2026-03-16,Release
MPLADS/UT/2025-2026/0354,1,523646.17,2025-12-29,Release
MPLADS/MA/2025-2026/0355,1,828535.29,2025-06-02,Release
MPLADS/MA/2025-2026/0355,2,707805.38,2025-11-17,Release
MPLADS/KA/2026-2027/0356,1,370322.76,2026-03-03,Release
MPLADS/KA/2026-2027/0356,2,426804.3,2026-06-26,Release
MPLADS/MA/2025-2026/0357,1,644652.19,2025-08-19,Release
MPLADS/MA/2025-2026/0357,2,479212.6,2026-03-16 00:00:00,Release
MPLADS/TA/2026-2027/0358,1,604148.42,2026-04-25,Release
MPLADS/TA/2026-2027/0358,2,669262.86,2026-08-03,Release
MPLADS/TA/2026-2027/0358,3,480486.62,2027-01-23,Release
MPLADS/UT/2026-2027/0359,1,845824.9,2026-10-12,Release
MPLADS/UT/2026-2027/0359,2,792569.99,2027-01-15,Release
MPLADS/UT/2026-2027/0359,3,921683.43,2027-04-13,Release
MPLADS/UT/2026-2027/0360,1,556744.26,2026-02-11,Release
MPLADS/UT/2023-2024/0361,1,3281436.8,2024-01-06,Release
MPLADS/MA/2026-2027/0362,1,961774.14,2026-02-20,Release
MPLADS/MA/2026-2027/0362,2,958309.22,2026-05-19,Release
MPLADS/UT/2026-2027/0363,1,215768.61,2026-05-10,Release
MPLADS/UT/2026-2027/0363,2,185845.77,2026-09-20,Release
MPLADS/KA/2025-2026/0364,1,1996337.29,2025-07-29,Release
MPLADS/KA/2025-2026/0364,2,2073433.53,2026-01-23,Release
MPLADS/MA/2024-2025/0365,1,463504.91,2024-12-24,Release
MPLADS/MA/2024-2025/0365,2,502858.62,2025-02-28,Release
MPLADS/MA/2024-2025/0365,3,457561.83,2025-06-22,Release
MPLADS/TA/2025-2026/0366,1,330392.18,2025-03-22 00:00:00,Release
MPLADS/TA/2025-2026/0366,2,347684.99,2025-06-04 00:00:00,Release
MPLADS/TA/2025-2026/0366,3,496756.66,2025-08-07 00:00:00,Release
MPLADS/TA/2025-2026/0367,1,959606.44,2025-08-11,Release
MPLADS/TA/2025-2026/0367,2,1035782.9,2025-11-07,Release
MPLADS/MA/2023-2024/0368,1,1978397.9,2023-12-06,Release
MPLADS/TA/2025-2026/0369,1,239451.71,2025-04-13,Release
MPLADS/TA/2025-2026/0369,2,295368.33,2025-06-20,Release
MPLADS/UT/2023-2024/0370,1,370674.85,2023-12-02,Release
MPLADS/UT/2023-2024/0370,2,448014.04,2024-04-26,Release
MPLADS/UT/2025-2026/0371,1,856370.07,2026-01-14,Release
MPLADS/UT/2025-2026/0371,2,811493.38,2026-06-29,Release
MPLADS/UT/2025-2026/0372,1,312247.95,2025-04-16,Release
MPLADS/UT/2025-2026/0372,2,324312.98,2025-08-23,Release
MPLADS/MA/2025-2026/0373,1,3289856.04,2025-06-24,Release
MPLADS/MA/2025-2026/0374,1,965917.55,2025-04-02,Release
MPLADS/MA/2025-2026/0374,2,797144.18,2025-03-28 00:00:00,Release
MPLADS/MA/2025-2026/0374,3,746118.01,2025-07-12 00:00:00,Release
MPLADS/MA/2025-2026/0374,4,872570.11,2026-01-05 00:00:00,Release
MPLADS/MA/2026-2027/0375,1,981671.87,2026-09-29,Release
MPLADS/MA/2026-2027/0375,2,744406.95,2026-12-20,Release
MPLADS/MA/2026-2027/0375,3,738508.26,2027-06-11,Release
MPLADS/KA/2026-2027/0376,1,204631.21,2026-03-04,Release
MPLADS/KA/2026-2027/0376,2,286098.83,2026-07-14,Release
MPLADS/KA/2026-2027/0376,3,232191.32,2026-10-18,Release
MPLADS/MA/2025-2026/0377,1,344386.29,2025-03-21,Release
MPLADS/MA/2025-2026/0377,2,343052.95,2025-08-30,Release
MPLADS/MA/2025-2026/0377,3,433782.34,2025-11-25,Release
MPLADS/MA/2024-2025/0378,1,237935.58,2024-05-17,Release
MPLADS/MA/2024-2025/0378,2,220297.71,2024-09-18,Release
MPLADS/MA/2024-2025/0378,3,161665.68,2024-12-06,Release
MPLADS/TA/2025-2026/0379,1,1599145.5,2025-11-10,Release
MPLADS/UT/2025-2026/0380,1,156201.02,2025-08-24,Release
MPLADS/UT/2025-2026/0380,2,124761.53,2026-01-07,Release
MPLADS/UT/2025-2026/0380,3,123978.36,2026-06-02,Release
MPLADS/UT/2023-2024/0381,1,390591.98,2023-12-18,Release
MPLADS/KA/2024-2025/0382,1,321400.63,2024-02-13,Release
MPLADS/KA/2024-2025/0382,2,430023.54,2024-05-23,Release
MPLADS/MA/2025-2026/0383,1,57354.05,2025-04-18,Release
MPLADS/MA/2025-2026/0383,2,84161.51,2025-06-28,Release
MPLADS/KA/2026-2027/0384,1,1066061.67,2026-10-13,Release
MPLADS/UT/2024-2025/0385,1,297117.24,2024-05-08,Release
MPLADS/UT/2024-2025/0385,2,226124.25,2024-08-10,Release
MPLADS/TA/2026-2027/0386,1,184933.36,2026-05-09,Release
MPLADS/TA/2026-2027/0386,2,238799.61,2026-09-11,Release
MPLADS/TA/2026-2027/0386,3,219351.28,2026-12-06,Release
MPLADS/TA/2026-2027/0386,4,228649.7,2027-04-08,Release
MPLADS/UT/2025-2026/0387,1,815214.94,2026-01-05,Release
MPLADS/UT/2025-2026/0387,2,572842.74,2026-05-24,Release
MPLADS/UT/2024-2025/0388,1,797912.14,2024-03-31 00:00:00,Release
MPLADS/UT/2024-2025/0388,2,906813.68,2024-07-25 00:00:00,Release
MPLADS/UT/2024-2025/0388,3,1140074.07,2024-10-31 00:00:00,Release
MPLADS/TA/2025-2026/0389,1,254532.68,2025-07-19,Release
MPLADS/TA/2025-2026/0389,2,224115.9,2025-10-10,Release
MPLADS/TA/2025-2026/0389,3,227159.93,2026-01-08,Release
MPLADS/TA/2025-2026/0389,4,340637.49,2026-05-17,Release
MPLADS/MA/2024-2025/0390,1,132773.75,2024-09-04,Release
MPLADS/MA/2024-2025/0390,2,144857.46,2024-11-16,Release
MPLADS/MA/2025-2026/0391,1,315001.63,2025-03-29 00:00:00,Release
MPLADS/MA/2025-2026/0391,2,354987.54,2025-06-02 00:00:00,Release
MPLADS/MA/2025-2026/0391,3,245522.3,2025-08-18 00:00:00,Release
MPLADS/MA/2024-2025/0392,1,319653.56,2024-02-15,Release
MPLADS/MA/2024-2025/0392,2,403289.34,2024-06-21,Release
MPLADS/KA/2024-2025/0393,1,409648.35,2024-09-02,Release
MPLADS/KA/2024-2025/0393,2,420176.07,2024-12-06,Release
MPLADS/KA/2024-2025/0393,3,301724.86,2025-06-02,Release
MPLADS/UT/2025-2026/0394,1,1289927.72,2025-09-08,Release
MPLADS/UT/2025-2026/0394,2,1091330.6,2026-01-30,Release
MPLADS/MA/2025-2026/0395,1,845421.14,2025-06-30,Release
MPLADS/MA/2025-2026/0395,2,873338.52,2025-09-27,Release
MPLADS/MA/2025-2026/0395,3,1116103.13,2026-03-25,Release
MPLADS/MA/2025-2026/0395,4,1330754.54,2026-06-22,Release
MPLADS/KA/2024-2025/0396,1,1385254.34,2024-01-20,Release
MPLADS/TA/2026-2027/0397,1,2055522.59,2026-11-18,Release
MPLADS/KA/2024-2025/0398,1,942142.1,2024-12-15,Release
MPLADS/MA/2025-2026/0399,1,208868.08,2025-08-14,Release
MPLADS/MA/2025-2026/0399,2,154842.84,2025-03-18 00:00:00,Release
MPLADS/MA/2025-2026/0399,3,193005.82,2025-03-19 00:00:00,Release
MPLADS/MA/2025-2026/0400,1,1055626.97,2025-11-13,Release
MPLADS/MA/2025-2026/0400,2,1359658.95,2026-05-08,Release
MPLADS/KA/2024-2025/0401,1,56397.34,2024-03-13,Release
MPLADS/KA/2024-2025/0401,2,47979.31,2024-07-07,Release
MPLADS/KA/2024-2025/0401,3,43859.44,2024-09-14,Release
MPLADS/KA/2023-2024/0402,1,786469.04,2024-01-02,Release
MPLADS/KA/2024-2025/0403,1,1207850.51,2024-04-01,Release
MPLADS/KA/2024-2025/0403,2,1137166.19,2024-09-27,Release
MPLADS/UT/2026-2027/0404,1,288989.19,2026-07-13,Release
MPLADS/UT/2026-2027/0404,2,199746.79,2026-12-03,Release
MPLADS/UT/2026-2027/0404,3,249252.75,2027-03-06,Release
MPLADS/KA/2025-2026/0405,1,204292.65,2025-12-27,Release
MPLADS/KA/2025-2026/0405,2,199139.1,2026-03-06,Release
MPLADS/KA/2025-2026/0405,3,191858.84,2026-07-22,Release
MPLADS/KA/2025-2026/0405,4,114485.2,2026-09-24,Release
MPLADS/MA/2025-2026/0406,1,189539.65,2025-11-23,Release
MPLADS/MA/2025-2026/0406,2,156122.04,2026-03-31 00:00:00,Release
MPLADS/MA/2025-2026/0406,3,227826.98,2026-06-27 00:00:00,Release
MPLADS/MA/2026-2027/0407,1,476531.82,2026-10-17,Release
MPLADS/KA/2023-2024/0408,1,1374211.81,2023-11-26,Release
MPLADS/KA/2023-2024/0408,2,1240223.87,2024-02-08,Release
MPLADS/KA/2023-2024/0408,3,1200928.92,2024-08-01,Release
MPLADS/MA/2026-2027/0409,1,768923.14,2026-07-24,Release
MPLADS/TA/2024-2025/0410,1,380071.24,2024-02-25,Release
MPLADS/TA/2024-2025/0410,2,543932.34,2024-03-26 00:00:00,Release
MPLADS/MA/2024-2025/0411,1,889452.25,2024-02-20,Release
MPLADS/MA/2024-2025/0411,2,1205963.69,2024-05-22,Release
MPLADS/MA/2024-2025/0412,1,3689484.26,2024-05-11,Release
MPLADS/KA/2024-2025/0413,1,230165.3,2024-12-06,Release
MPLADS/KA/2024-2025/0413,2,260250.24,2025-04-24,Release
MPLADS/MA/2024-2025/0414,1,1093247.99,2024-07-12,Release
MPLADS/MA/2024-2025/0415,1,693423.71,2024-08-06,Release
MPLADS/MA/2024-2025/0415,2,1021876.49,2024-11-08,Release
MPLADS/MA/2024-2025/0416,1,293306.34,2024-03-21 00:00:00,Release
MPLADS/MA/2024-2025/0416,2,268677.86,2024-07-07 00:00:00,Release
MPLADS/MA/2024-2025/0416,3,360493.03,2024-09-11 00:00:00,Release
MPLADS/UT/2026-2027/0417,1,1008995.26,2026-10-24,Release
MPLADS/UT/2026-2027/0417,2,769224.88,2027-03-28 00:00:00,Release
MPLADS/UT/2026-2027/0417,3,824564.28,2027-09-14 00:00:00,Release
MPLADS/TA/2024-2025/0418,1,465526.53,2024-10-02,Release
MPLADS/TA/2024-2025/0418,2,312713.98,2025-01-24,Release
MPLADS/TA/2026-2027/0419,1,405114.37,2026-12-18,Release
MPLADS/TA/2026-2027/0419,2,291506.01,2027-05-14,Release
MPLADS/MA/2024-2025/0420,1,854386.19,2024-03-15,Release
MPLADS/MA/2024-2025/0420,2,752067.95,2024-08-25,Release
MPLADS/MA/2024-2025/0421,1,410090.05,2024-05-14,Release
MPLADS/MA/2024-2025/0421,2,596511.05,2024-10-02,Release
MPLADS/MA/2024-2025/0422,1,524971.97,2024-06-28,Release
MPLADS/MA/2024-2025/0422,2,544175.36,2024-10-01,Release
MPLADS/MA/2024-2025/0422,3,633476.16,2024-12-29,Release
MPLADS/MA/2024-2025/0422,4,705721.43,2025-05-17,Release
MPLADS/TA/2026-2027/0423,1,509918.19,2026-07-30,Release
MPLADS/MA/2026-2027/0424,1,450509.35,2026-05-03,Release
MPLADS/MA/2026-2027/0424,2,506662.8,2026-09-16,Release
MPLADS/MA/2025-2026/0425,1,684205.4,2025-11-08,Release
MPLADS/TA/2025-2026/0426,1,598194.92,2025-02-21,Release
MPLADS/UT/2025-2026/0427,1,642740.23,2025-03-21 00:00:00,Release
MPLADS/UT/2025-2026/0427,2,510573.89,2025-08-31 00:00:00,Release
MPLADS/UT/2025-2026/0427,3,502167.53,2026-02-01 00:00:00,Release
MPLADS/MA/2025-2026/0428,1,888349.09,2025-04-28,Release
MPLADS/MA/2025-2026/0429,1,551083.61,2025-10-16,Release
MPLADS/MA/2025-2026/0429,2,532947.24,2026-03-27,Release
MPLADS/MA/2025-2026/0429,3,864415.55,2026-08-01,Release
MPLADS/UT/2024-2025/0430,1,76702.72,2024-10-08,Release
MPLADS/UT/2024-2025/0430,2,95207.81,2024-12-21,Release
MPLADS/MA/2026-2027/0431,1,191180.42,2026-03-08,Release
MPLADS/MA/2026-2027/0431,2,186154.6,2026-08-15,Release
MPLADS/MA/2026-2027/0431,3,199864.63,2027-01-27,Release
MPLADS/MA/2024-2025/0432,1,123425.11,2024-08-04,Release
MPLADS/MA/2024-2025/0433,1,334754.32,2024-10-18,Release
MPLADS/MA/2024-2025/0433,2,325674.62,2025-01-07,Release
MPLADS/MA/2024-2025/0433,3,491293.29,2025-05-17,Release
MPLADS/KA/2026-2027/0434,1,555214.71,2026-04-09,Release
MPLADS/MA/2026-2027/0435,1,8536899.53,2026-06-19,Release
MPLADS/UT/2026-2027/0436,1,539634.83,2026-03-10,Release
MPLADS/KA/2024-2025/0437,1,1668205.84,2024-07-15,Release
MPLADS/KA/2024-2025/0437,2,1779827.95,2024-11-27,Release
MPLADS/KA/2024-2025/0437,3,1129176.41,2025-02-05,Release
MPLADS/TA/2023-2024/0438,1,170410.87,2023-12-26,Release
MPLADS/TA/2023-2024/0438,2,230539.51,2024-03-30,Release
MPLADS/TA/2023-2024/0438,3,186208.36,2024-07-06,Release
MPLADS/KA/2024-2025/0439,1,125081.67,2024-12-21,Release
MPLADS/KA/2024-2025/0439,2,162011.52,2025-06-03,Release
MPLADS/TA/2025-2026/0440,1,108045.63,2025-07-10,Release
MPLADS/TA/2025-2026/0440,2,121682.31,2025-11-09,Release
MPLADS/TA/2025-2026/0440,3,146642.66,2026-02-13,Release
MPLADS/TA/2025-2026/0440,4,122548.89,2026-06-30,Release
MPLADS/MA/2025-2026/0441,1,1413940.11,2025-07-25,Release
MPLADS/UT/2025-2026/0442,1,109155.76,2025-05-07,Release
MPLADS/UT/2025-2026/0442,2,113773.83,2025-08-11,Release
MPLADS/UT/2025-2026/0442,3,67131.6,2026-01-11,Release
MPLADS/UT/2025-2026/0443,1,42242.65,2025-12-30,Release
MPLADS/UT/2025-2026/0443,2,50989.21,2026-04-04,Release
MPLADS/UT/2025-2026/0443,3,46764.6,2026-07-18,Release
MPLADS/UT/2025-2026/0444,1,191730.31,2025-05-14,Release
MPLADS/UT/2025-2026/0444,2,166094.94,2025-10-09,Release
MPLADS/UT/2025-2026/0444,3,180323.5,2026-02-01,Release
MPLADS/KA/2024-2025/0445,1,364002.43,2024-03-15 00:00:00,Release
MPLADS/UT/2025-2026/0446,1,147313.74,2025-09-20,Release
MPLADS/UT/2025-2026/0446,2,111605.15,2025-12-25,Release
MPLADS/UT/2025-2026/0446,3,133726.66,2026-03-06,Release
MPLADS/MA/2025-2026/0447,1,120792.88,2025-03-23,Release
MPLADS/MA/2025-2026/0447,2,141024.29,2025-08-08,Release
MPLADS/MA/2025-2026/0447,3,182532.92,2025-12-27,Release
MPLADS/KA/2025-2026/0448,1,707846.4,2025-11-07,Release
MPLADS/KA/2025-2026/0448,2,713405.22,2026-03-23,Release
MPLADS/MA/2026-2027/0449,1,625925.91,2026-09-24,Release
MPLADS/MA/2026-2027/0449,2,695020.23,2027-01-21,Release
MPLADS/MA/2026-2027/0449,3,442279.62,2027-05-05,Release
MPLADS/UT/2024-2025/0450,1,674096.28,2024-03-23 00:00:00,Release
MPLADS/UT/2024-2025/0450,2,580166.11,2024-07-25 00:00:00,Release
MPLADS/TA/2024-2025/0451,1,912477.95,2024-10-02,Release
MPLADS/TA/2024-2025/0451,2,955859.59,2025-03-27,Release
MPLADS/MA/2026-2027/0452,1,204932.72,2026-09-30,Release
MPLADS/MA/2026-2027/0452,2,268017.65,2027-02-17,Release
MPLADS/MA/2026-2027/0453,1,344690.19,2026-04-06,Release
MPLADS/MA/2026-2027/0453,2,352500.01,2026-09-11,Release
MPLADS/MA/2026-2027/0453,3,258607.95,2026-11-16,Release
MPLADS/MA/2026-2027/0454,1,187419.32,2026-04-06,Release
MPLADS/MA/2026-2027/0454,2,215798.47,2026-08-14,Release
MPLADS/MA/2026-2027/0454,3,224652.59,2026-10-17,Release
MPLADS/MA/2026-2027/0454,4,161635.92,2027-02-21,Release
MPLADS/MA/2025-2026/0455,1,379176.66,2025-12-03,Release
MPLADS/MA/2025-2026/0455,2,304662.38,2026-03-07,Release
MPLADS/TA/2025-2026/0456,1,618726.95,2025-11-11,Release
MPLADS/TA/2025-2026/0456,2,462213.78,2026-03-15,Release
MPLADS/KA/2026-2027/0457,1,298384.59,2026-06-29,Release
MPLADS/KA/2026-2027/0457,2,300401.63,2026-12-12,Release
MPLADS/KA/2026-2027/0457,3,265864.15,2027-03-23,Release
MPLADS/MA/2024-2025/0458,1,108082.87,2024-08-07,Release
MPLADS/MA/2024-2025/0458,2,114352.47,2024-11-27,Release
MPLADS/UT/2026-2027/0459,1,264492.49,2026-02-23,Release
MPLADS/UT/2026-2027/0459,2,214192.23,2026-06-20,Release
MPLADS/MA/2026-2027/0460,1,178876.8,2026-07-03,Release
MPLADS/MA/2026-2027/0460,2,208200.24,2026-11-20,Release
MPLADS/TA/2024-2025/0461,1,181705.05,2024-08-03,Release
MPLADS/TA/2024-2025/0461,2,164326.9,2025-01-17,Release
MPLADS/TA/2024-2025/0461,3,134149.19,2025-06-24,Release
MPLADS/KA/2026-2027/0462,1,462431.84,2026-03-26,Release
MPLADS/KA/2026-2027/0462,2,690436.0,2026-08-29,Release
MPLADS/TA/2025-2026/0463,1,913264.73,2025-05-31,Release
MPLADS/TA/2025-2026/0463,2,684104.31,2025-08-09,Release
MPLADS/TA/2025-2026/0464,1,541838.92,2026-01-07,Release
MPLADS/TA/2025-2026/0464,2,569579.36,2026-03-12,Release
MPLADS/MA/2025-2026/0465,1,429291.41,2025-03-18 00:00:00,Release
MPLADS/MA/2025-2026/0465,2,531831.65,2025-07-11 00:00:00,Release
MPLADS/MA/2025-2026/0465,3,370344.84,2025-12-30 00:00:00,Release
MPLADS/TA/2026-2027/0466,1,1643639.67,2026-09-10,Release
MPLADS/MA/2024-2025/0467,1,1826422.72,2024-10-21,Release
MPLADS/MA/2026-2027/0468,1,981289.52,2026-03-21 00:00:00,Release
MPLADS/TA/2024-2025/0469,1,1567027.32,2024-08-30,Release
MPLADS/TA/2025-2026/0470,1,447110.76,2025-07-03,Release
MPLADS/MA/2026-2027/0471,1,142091.17,2026-03-05,Release
MPLADS/MA/2026-2027/0471,2,151595.85,2026-08-05,Release
MPLADS/MA/2026-2027/0471,3,219283.38,2026-12-15,Release
MPLADS/UT/2026-2027/0472,1,79085.67,2026-10-04,Release
MPLADS/UT/2026-2027/0472,2,72723.34,2027-03-07,Release
MPLADS/KA/2025-2026/0473,1,112618.34,2025-10-20,Release
MPLADS/KA/2025-2026/0473,2,149712.85,2026-03-17 00:00:00,Release
MPLADS/MA/2024-2025/0474,1,167459.65,2024-08-07,Release
MPLADS/MA/2024-2025/0474,2,161248.23,2024-10-21,Release
MPLADS/MA/2024-2025/0474,3,210999.53,2025-03-29,Release
MPLADS/KA/2025-2026/0475,1,1571853.74,2025-08-29,Release
MPLADS/KA/2025-2026/0475,2,1351984.49,2026-02-12,Release
MPLADS/KA/2025-2026/0475,3,1236552.28,2026-07-10,Release
MPLADS/MA/2024-2025/0476,1,186920.86,2024-03-25,Release
MPLADS/MA/2024-2025/0476,2,211462.63,2024-08-10,Release
MPLADS/MA/2024-2025/0477,1,248589.49,2025-01-06,Release
MPLADS/MA/2024-2025/0477,2,317457.98,2025-03-24 00:00:00,Release
MPLADS/MA/2025-2026/0478,1,575836.44,2025-03-23,Release
MPLADS/UT/2024-2025/0479,1,2704850.03,2024-07-23,Release
MPLADS/UT/2024-2025/0479,2,1961718.44,2024-11-22,Release
MPLADS/UT/2024-2025/0479,3,2101802.5,2025-04-13,Release
MPLADS/MA/2024-2025/0480,1,484730.74,2024-03-14,Release
MPLADS/MA/2024-2025/0480,2,483856.81,2024-08-27,Release
MPLADS/MA/2024-2025/0480,3,306597.67,2025-01-15,Release
MPLADS/UT/2025-2026/0481,1,2005524.0,2025-11-29,Release
MPLADS/UT/2025-2026/0482,1,98038.35,2025-12-19,Release
MPLADS/UT/2025-2026/0482,2,84098.99,2026-05-13,Release
MPLADS/UT/2025-2026/0482,3,123827.98,2026-10-17,Release
MPLADS/UT/2024-2025/0483,1,56917.03,2024-10-30,Release
MPLADS/UT/2024-2025/0483,2,43265.51,2025-04-28,Release
MPLADS/UT/2024-2025/0483,3,61801.97,2025-08-10,Release
MPLADS/UT/2026-2027/0484,1,206016.73,2026-05-07,Release
MPLADS/UT/2026-2027/0484,2,287692.5,2026-09-24,Release
MPLADS/KA/2026-2027/0485,1,233139.26,2026-05-28,Release
MPLADS/KA/2025-2026/0486,1,464426.27,2025-11-29,Release
MPLADS/KA/2025-2026/0487,1,359483.36,2025-07-29,Release
MPLADS/KA/2025-2026/0487,2,313853.61,2025-11-28,Release
MPLADS/KA/2025-2026/0487,3,326131.83,2026-05-05,Release
MPLADS/MA/2025-2026/0488,1,263080.1,2025-06-02,Release
MPLADS/UT/2026-2027/0489,1,459634.65,2026-11-23,Release
MPLADS/UT/2026-2027/0489,2,432662.6,2027-04-27,Release
MPLADS/UT/2026-2027/0489,3,268986.54,2027-10-02,Release
MPLADS/MA/2025-2026/0490,1,290166.25,2025-06-07,Release
MPLADS/MA/2025-2026/0490,2,298184.69,2025-09-23,Release
MPLADS/MA/2025-2026/0490,3,252931.51,2026-01-02,Release
MPLADS/MA/2025-2026/0491,1,765689.56,2025-03-31,Release
MPLADS/MA/2025-2026/0491,2,669392.99,2025-07-28,Release
MPLADS/MA/2025-2026/0491,3,536211.07,2025-11-21,Release
MPLADS/MA/2024-2025/0492,1,1309355.0,2024-07-10,Release
MPLADS/MA/2024-2025/0492,2,1596996.92,2024-10-21,Release
MPLADS/KA/2026-2027/0493,1,634616.56,2026-10-04,Release
MPLADS/KA/2026-2027/0493,2,464906.94,2026-12-06,Release
MPLADS/KA/2026-2027/0493,3,620139.59,2027-03-14,Release
MPLADS/KA/2026-2027/0493,4,428679.63,2027-09-10,Release
MPLADS/MA/2025-2026/0494,1,108526.62,2025-05-06,Release
MPLADS/MA/2025-2026/0494,2,145444.12,2025-07-23,Release
MPLADS/MA/2025-2026/0494,3,135404.58,2025-10-12,Release
MPLADS/KA/2026-2027/0495,1,1020394.24,2026-11-25,Release
MPLADS/KA/2026-2027/0495,2,852483.7,2027-04-05,Release
MPLADS/TA/2024-2025/0496,1,390211.02,2024-11-03,Release
MPLADS/TA/2024-2025/0496,2,332728.71,2025-03-28,Release
MPLADS/TA/2025-2026/0497,1,320503.22,2025-11-08,Release
MPLADS/TA/2025-2026/0497,2,247807.01,2026-03-02,Release
MPLADS/MA/2026-2027/0498,1,569201.17,2026-10-17,Release
MPLADS/MA/2026-2027/0498,2,611454.56,2027-01-31,Release
MPLADS/MA/2026-2027/0498,3,779259.38,2027-06-18,Release
MPLADS/MA/2023-2024/0499,1,136361.54,2024-01-01,Release
MPLADS/MA/2023-2024/0499,2,149623.64,2024-03-20,Release
MPLADS/TA/2026-2027/0500,1,344890.55,2026-04-28,Release
MPLADS/UT/2025-2026/0092-DUP,1,733414.22,2025-08-17,Release
MPLADS/UT/2025-2026/0092-DUP,2,707350.88,2025-11-05,Release
MPLADS/UT/2025-2026/0092-DUP,3,846890.2,2026-02-22,Release
MPLADS/KA/2026-2027/0226-DUP,1,1245559.67,2026-10-08,Release
MPLADS/KA/2026-2027/0226-DUP,2,1511751.55,2027-02-22,Release
MPLADS/UT/2026-2027/0036-DUP,1,80084.63,2026-10-27,Release
MPLADS/UT/2026-2027/0036-DUP,2,87606.01,2027-04-02,Release
MPLADS/UT/2026-2027/0036-DUP,3,107976.6,2027-03-23 00:00:00,Release
MPLADS/MA/2024-2025/0252-DUP,1,475409.44,2024-12-03,Release
MPLADS/MA/2024-2025/0252-DUP,2,551681.1,2025-03-31,Release
MPLADS/MA/2024-2025/0252-DUP,3,720871.55,2025-08-25,Release
MPLADS/MA/2024-2025/0476-DUP,1,57069.09,2024-03-22,Release
MPLADS/MA/2024-2025/0476-DUP,2,57580.97,2024-08-10,Release
MPLADS/MA/2024-2025/0476-DUP,3,57609.18,2025-01-10,Release
MPLADS/MA/2024-2025/0476-DUP,4,110608.43,2025-04-11,Release
MPLADS/MA/2024-2025/0103-DUP,1,499279.59,2024-04-21,Release
MPLADS/MA/2025-2026/0313-DUP,1,652492.21,2025-04-21,Release
MPLADS/MA/2025-2026/0313-DUP,2,844411.54,2025-09-20,Release
MPLADS/MA/2025-2026/0313-DUP,3,804338.48,2026-01-06,Release
MPLADS/MA/2025-2026/0313-DUP,4,899936.43,2026-04-19,Release
MPLADS/UT/2025-2026/0202-DUP,1,2692000.52,2026-01-02,Release
MPLADS/MA/2025-2026/0331-DUP,1,497931.6,2026-01-20,Release
MPLADS/TA/2026-2027/0056-DUP,1,1538969.2,2026-03-13,Release
