unique_work_number,progress_date,physical_progress,financial_progress,work_status
MPLADS/MA/2026-2027/0001,2026-05-12,60,61.79,Ongoing
MPLADS/UT/2025-2026/0002,2026-02-08,25,25.67,Ongoing
MPLADS/UT/2025-2026/0003,2025-10-04,20,22.73,Ongoing
MPLADS/MA/2026-2027/0004,2026-08-02,55,54.7,Ongoing
MPLADS/MA/2025-2026/0005,2026-01-06,67,79.5,Ongoing
MPLADS/UT/2024-2025/0006,2024-08-24,100,100.0,Completed
MPLADS/MA/2024-2025/0007,2024-09-20,26,20.95,Ongoing
MPLADS/UT/2024-2025/0008,2024-07-26,100,100.0,Completed
MPLADS/UT/2025-2026/0009,2026-04-26,100,100.0,Completed
MPLADS/MA/2026-2027/0010,2026-11-30,80,69.28,Ongoing
MPLADS/TA/2024-2025/0011,2024-10-22,46,44.46,Ongoing
MPLADS/MA/2025-2026/0012,2026-01-24,86,74.99,Ongoing
MPLADS/MA/2025-2026/0013,2025-10-20,79,79.24,Ongoing
MPLADS/UT/2025-2026/0014,2026-02-26,56,51.19,Ongoing
MPLADS/TA/2025-2026/0015,2025-05-16,13,12.92,Ongoing
MPLADS/MA/2024-2025/0016,2025-01-26,51,45.49,Ongoing
MPLADS/UT/2024-2025/0017,2024-05-22,100,100.0,Completed
MPLADS/UT/2024-2025/0018,2025-02-14,100,100.0,Completed
MPLADS/UT/2026-2027/0019,2026-11-20,31,31.97,Ongoing
MPLADS/KA/2025-2026/0020,2026-01-02,69,62.91,Ongoing
MPLADS/MA/2026-2027/0021,2026-07-08,10,9.67,Ongoing
MPLADS/UT/2024-2025/0022,2024-03-24,22,21.58,Ongoing
MPLADS/KA/2026-2027/0023,2026-11-21,47,42.09,Ongoing
MPLADS/KA/2024-2025/0024,2024-08-16,13,15.48,Ongoing
MPLADS/UT/2026-2027/0025,2026-04-04,100,100.0,Completed
MPLADS/MA/2026-2027/0026,2027-01-15,100,100.0,Completed
MPLADS/KA/2024-2025/0027,2024-05-25,100,100.0,Completed
MPLADS/TA/2025-2026/0028,2026-04-10,84,96.47,Ongoing
MPLADS/TA/2024-2025/0029,2024-06-12,64,58.29,Delayed
MPLADS/MA/2026-2027/0030,2026-05-26,67,70.24,Ongoing
MPLADS/MA/2026-2027/0031,2026-11-09,45,38.02,Ongoing
MPLADS/TA/2025-2026/0032,2026-03-10,63,61.59,Delayed
MPLADS/UT/2023-2024/0033,2024-02-22,62,63.95,Delayed
MPLADS/TA/2025-2026/0034,2026-01-08,39,38.75,Ongoing
MPLADS/MA/2026-2027/0035,2026-12-05,78,71.3,Ongoing
MPLADS/UT/2026-2027/0036,2027-01-16,100,100.0,Completed
MPLADS/KA/2026-2027/0037,2026-05-15,100,100.0,Completed
MPLADS/UT/2024-2025/0038,2025-04-19,53,57.01,Ongoing
MPLADS/KA/2025-2026/0039,2026-01-29,17,17.74,Ongoing
MPLADS/MA/2024-2025/0040,2024-08-16,87,87.4,Ongoing
MPLADS/KA/2024-2025/0041,2025-03-31,66,72.38,Ongoing
MPLADS/MA/2026-2027/0042,2026-10-29,28,24.73,Ongoing
MPLADS/UT/2025-2026/0043,2026-04-12,27,23.75,Ongoing
MPLADS/KA/2024-2025/0044,2025-04-17,100,100.0,Completed
MPLADS/TA/2025-2026/0045,2025-09-11,18,18.71,Delayed
MPLADS/KA/2024-2025/0046,2024-05-12,84,69.17,Ongoing
MPLADS/TA/2024-2025/0047,2024-09-08,100,100.0,Completed
MPLADS/MA/2025-2026/0048,2025-08-15,100,100.0,Completed
MPLADS/UT/2025-2026/0049,2025-09-29,30,25.23,Delayed
MPLADS/KA/2026-2027/0050,2026-10-04,100,100.0,Completed
MPLADS/KA/2024-2025/0051,2024-10-12,86,86.8,Ongoing
MPLADS/UT/2025-2026/0052,2025-09-17,28,30.11,Ongoing
MPLADS/TA/2026-2027/0053,2026-10-31,100,100.0,Completed
MPLADS/TA/2025-2026/0054,2025-07-18,15,12.4,Delayed
MPLADS/KA/2026-2027/0055,2026-09-23,33,35.25,Ongoing
MPLADS/TA/2026-2027/0056,2026-05-23,74,82.31,Ongoing
MPLADS/TA/2025-2026/0057,2025-06-28,34,40.31,Ongoing
MPLADS/MA/2026-2027/0058,2026-09-14,55,65.59,Ongoing
MPLADS/UT/2023-2024/0059,2024-03-29,76,64.93,Ongoing
MPLADS/KA/2024-2025/0060,2024-10-16,66,58.76,Ongoing
MPLADS/MA/2025-2026/0061,2025-05-19,100,100.0,Completed
MPLADS/MA/2025-2026/0062,2025-10-04,31,25.6,Ongoing
MPLADS/MA/2025-2026/0063,2025-10-09,100,100.0,Completed
MPLADS/MA/2025-2026/0064,2026-02-20,100,100.0,Completed
MPLADS/TA/2025-2026/0065,2026-04-10,89,93.39,Ongoing
MPLADS/TA/2026-2027/0066,2026-03-18,73,72.72,Ongoing
MPLADS/MA/2026-2027/0067,2026-07-15,14,11.38,Ongoing
MPLADS/MA/2024-2025/0068,2024-10-24,100,100.0,Completed
MPLADS/MA/2026-2027/0069,2026-11-09,55,60.86,Ongoing
MPLADS/MA/2025-2026/0070,2026-01-11,22,21.37,Delayed
MPLADS/MA/2024-2025/0071,2025-02-13,100,100.0,Completed
MPLADS/MA/2025-2026/0072,2025-07-31,70,72.46,Delayed
MPLADS/TA/2026-2027/0073,2026-10-04,53,45.93,Ongoing
MPLADS/KA/2024-2025/0074,2025-02-07,48,57.53,Ongoing
MPLADS/KA/2026-2027/0075,2026-09-24,100,100.0,Completed
MPLADS/UT/2023-2024/0076,2024-02-23,63,60.54,Ongoing
MPLADS/TA/2024-2025/0077,2025-02-08,100,100.0,Completed
MPLADS/TA/2023-2024/0078,2024-02-04,65,62.67,Ongoing
MPLADS/UT/2025-2026/0079,2025-11-13,86,76.92,Ongoing
MPLADS/KA/2024-2025/0080,2024-08-28,65,62.97,Ongoing
MPLADS/KA/2025-2026/0081,2026-01-16,80,69.63,Ongoing
MPLADS/TA/2025-2026/0082,2025-05-22,100,100.0,Completed
MPLADS/TA/2025-2026/0083,2025-12-03,77,69.36,Ongoing
MPLADS/TA/2024-2025/0084,2025-04-09,59,66.22,Ongoing
MPLADS/MA/2025-2026/0085,2025-04-26,100,100.0,Completed
MPLADS/UT/2024-2025/0086,2025-01-31,70,76.04,Ongoing
MPLADS/MA/2025-2026/0087,2025-07-19,40,36.05,Ongoing
MPLADS/TA/2026-2027/0088,2026-07-03,60,70.26,Ongoing
MPLADS/KA/2024-2025/0089,2024-10-28,62,69.18,Ongoing
MPLADS/TA/2025-2026/0090,2025-11-09,64,73.65,Delayed
MPLADS/MA/2024-2025/0091,2024-06-08,100,100.0,Completed
MPLADS/UT/2025-2026/0092,2025-09-26,100,100.0,Completed
MPLADS/UT/2025-2026/0093,2025-06-30,86,92.39,Ongoing
MPLADS/KA/2024-2025/0094,2024-05-24,63,59.66,Ongoing
MPLADS/MA/2026-2027/0095,2026-11-24,100,100.0,Completed
MPLADS/UT/2025-2026/0096,2025-06-28,68,76.9,Delayed
MPLADS/MA/2025-2026/0097,2026-03-08,100,100.0,Completed
MPLADS/KA/2023-2024/0098,2024-03-13,62,69.25,Delayed
MPLADS/MA/2025-2026/0099,2026-01-05,51,60.68,Delayed
MPLADS/KA/2024-2025/0100,2025-02-04,87,102.29,Ongoing
MPLADS/UT/2025-2026/0101,2025-09-06,100,100.0,Completed
MPLADS/TA/2025-2026/0102,2025-06-08,100,100.0,Completed
MPLADS/MA/2024-2025/0103,2024-07-03,72,79.59,Delayed
MPLADS/UT/2026-2027/0104,2026-06-23,73,59.59,Ongoing
MPLADS/TA/2024-2025/0105,2024-10-24,44,45.11,Ongoing
MPLADS/MA/2026-2027/0106,2026-04-08,46,49.34,Ongoing
MPLADS/UT/2025-2026/0107,2026-01-19,20,19.68,Ongoing
MPLADS/MA/2025-2026/0108,2025-12-08,82,69.84,Ongoing
MPLADS/UT/2024-2025/0109,2025-02-25,87,82.87,Ongoing
MPLADS/KA/2024-2025/0110,2024-08-07,29,24.6,Ongoing
MPLADS/TA/2025-2026/0111,2025-03-12,100,100.0,Completed
MPLADS/MA/2024-2025/0112,2025-02-17,29,34.0,Ongoing
MPLADS/MA/2026-2027/0113,2026-07-14,100,100.0,Completed
MPLADS/MA/2026-2027/0114,2026-05-11,100,100.0,Completed
MPLADS/TA/2026-2027/0115,2026-04-29,67,70.32,Ongoing
MPLADS/TA/2026-2027/0116,2026-11-17,10,9.58,Ongoing
MPLADS/TA/2026-2027/0117,2026-11-08,72,66.32,Delayed
MPLADS/UT/2024-2025/0118,2024-07-11,100,100.0,Completed
MPLADS/KA/2025-2026/0119,2025-04-19,29,31.77,Ongoing
MPLADS/TA/2025-2026/0120,2026-03-16,100,100.0,Completed
MPLADS/MA/2025-2026/0121,2025-06-19,72,64.28,Ongoing
MPLADS/UT/2024-2025/0122,2025-01-31,65,52.54,Delayed
MPLADS/TA/2024-2025/0123,2024-06-09,47,51.19,Ongoing
MPLADS/KA/2025-2026/0124,2025-06-16,21,22.4,Delayed
MPLADS/MA/2025-2026/0125,2025-03-23,100,100.0,Completed
MPLADS/KA/2025-2026/0126,2025-10-14,89,79.27,Ongoing
MPLADS/MA/2025-2026/0127,2025-08-16,81,73.47,Ongoing
MPLADS/MA/2024-2025/0128,2024-07-06,23,25.98,Ongoing
MPLADS/UT/2024-2025/0129,2024-03-28,100,100.0,Completed
MPLADS/KA/2025-2026/0130,2025-09-04,31,25.86,Ongoing
MPLADS/MA/2024-2025/0131,2024-07-22,68,80.29,Ongoing
MPLADS/MA/2024-2025/0132,2025-02-20,17,16.27,Delayed
MPLADS/MA/2025-2026/0133,2025-12-09,100,100.0,Completed
MPLADS/UT/2024-2025/0134,2024-10-19,89,99.26,Ongoing
MPLADS/MA/2025-2026/0135,2025-07-28,100,100.0,Completed
MPLADS/TA/2025-2026/0136,2025-10-19,74,62.47,Ongoing
MPLADS/MA/2024-2025/0137,2025-02-16,100,100.0,Completed
MPLADS/MA/2023-2024/0138,2024-01-02,100,100.0,Completed
MPLADS/TA/2026-2027/0139,2026-10-28,67,55.69,Ongoing
MPLADS/UT/2024-2025/0140,2025-01-05,63,71.16,Ongoing
MPLADS/TA/2024-2025/0141,2024-05-12,25,26.02,Ongoing
MPLADS/TA/2026-2027/0142,2026-05-05,57,52.51,Ongoing
MPLADS/MA/2024-2025/0143,2024-09-02,46,40.77,Ongoing
MPLADS/MA/2025-2026/0144,2025-09-04,87,74.22,Ongoing
MPLADS/TA/2026-2027/0145,2026-11-15,53,53.87,Ongoing
MPLADS/UT/2026-2027/0146,2026-08-07,34,40.19,Ongoing
MPLADS/MA/2023-2024/0147,2024-04-23,36,32.33,Ongoing
MPLADS/KA/2024-2025/0148,2024-11-12,58,52.37,Ongoing
MPLADS/KA/2024-2025/0149,2024-07-11,62,66.43,Delayed
MPLADS/UT/2024-2025/0150,2024-04-20,35,31.35,Ongoing
MPLADS/KA/2024-2025/0151,2024-09-13,12,10.89,Ongoing
MPLADS/MA/2026-2027/0152,2026-10-27,31,34.5,Delayed
MPLADS/MA/2024-2025/0153,2024-12-25,100,100.0,Completed
MPLADS/KA/2025-2026/0154,2025-11-03,25,28.3,Ongoing
MPLADS/UT/2025-2026/0155,2025-12-27,100,100.0,Completed
MPLADS/KA/2025-2026/0156,2025-06-11,60,60.92,Ongoing
MPLADS/MA/2025-2026/0157,2025-05-17,100,100.0,Completed
MPLADS/MA/2026-2027/0158,2026-07-17,55,48.21,Ongoing
MPLADS/UT/2026-2027/0159,2027-02-18,60,50.66,Ongoing
MPLADS/KA/2025-2026/0160,2026-03-14,82,93.66,Ongoing
MPLADS/KA/2026-2027/0161,2026-09-11,23,24.3,Ongoing
MPLADS/MA/2025-2026/0162,2026-02-14,38,31.11,Ongoing
MPLADS/TA/2025-2026/0163,2025-09-29,64,75.72,Ongoing
MPLADS/TA/2026-2027/0164,2026-06-02,65,73.01,Ongoing
MPLADS/MA/2026-2027/0165,2026-04-28,100,100.0,Completed
MPLADS/KA/2024-2025/0166,2024-09-06,100,100.0,Completed
MPLADS/MA/2024-2025/0167,2025-02-06,100,100.0,Completed
MPLADS/UT/2026-2027/0168,2026-04-12,13,12.76,Ongoing
MPLADS/UT/2025-2026/0169,2025-07-18,66,57.71,Ongoing
MPLADS/TA/2025-2026/0170,2025-10-10,49,50.64,Ongoing
MPLADS/UT/2026-2027/0171,2026-07-17,100,100.0,Completed
MPLADS/TA/2025-2026/0172,2025-06-14,69,71.75,Ongoing
MPLADS/MA/2026-2027/0173,2026-05-24,39,38.48,Ongoing
MPLADS/KA/2024-2025/0174,2024-06-17,61,53.3,Ongoing
MPLADS/MA/2023-2024/0175,2024-02-03,10,8.8,Delayed
MPLADS/UT/2023-2024/0176,2024-02-19,100,100.0,Completed
MPLADS/MA/2025-2026/0177,2025-06-12,36,33.19,Ongoing
MPLADS/TA/2025-2026/0178,2025-10-24,25,21.44,Ongoing
MPLADS/KA/2024-2025/0179,2024-07-20,100,100.0,Completed
MPLADS/UT/2026-2027/0180,2026-09-19,36,39.27,Ongoing
MPLADS/TA/2024-2025/0181,2024-12-13,100,100.0,Completed
MPLADS/MA/2025-2026/0182,2025-07-13,100,100.0,Completed
MPLADS/MA/2025-2026/0183,2025-03-31,39,40.31,Ongoing
MPLADS/KA/2026-2027/0184,2026-07-17,100,100.0,Completed
MPLADS/UT/2026-2027/0185,2026-05-04,45,39.43,Ongoing
MPLADS/UT/2025-2026/0186,2025-06-18,54,60.12,Ongoing
MPLADS/MA/2025-2026/0187,2025-06-17,36,35.63,Ongoing
MPLADS/KA/2026-2027/0188,2026-08-01,67,76.46,Ongoing
MPLADS/TA/2023-2024/0189,2024-02-23,100,100.0,Completed
MPLADS/UT/2025-2026/0190,2025-10-19,87,89.57,Ongoing
MPLADS/KA/2025-2026/0191,2025-06-22,48,40.19,Ongoing
MPLADS/UT/2026-2027/0192,2026-04-30,100,100.0,Completed
MPLADS/UT/2024-2025/0193,2024-08-07,100,100.0,Completed
MPLADS/TA/2024-2025/0194,2024-09-18,61,63.56,Delayed
MPLADS/UT/2026-2027/0195,2026-06-16,48,45.91,Delayed
MPLADS/UT/2026-2027/0196,2026-12-14,33,35.62,Ongoing
MPLADS/UT/2024-2025/0197,2024-06-09,37,43.05,Delayed
MPLADS/TA/2025-2026/0198,2025-10-05,30,32.33,Delayed
MPLADS/MA/2024-2025/0199,2024-10-26,100,100.0,Completed
MPLADS/MA/2025-2026/0200,2026-02-20,100,100.0,Completed
MPLADS/TA/2026-2027/0201,2027-02-17,78,69.14,Ongoing
MPLADS/UT/2025-2026/0202,2026-04-27,49,47.9,Ongoing
MPLADS/MA/2025-2026/0203,2026-02-25,35,29.28,Ongoing
MPLADS/MA/2023-2024/0204,2024-03-11,22,24.61,Ongoing
MPLADS/MA/2024-2025/0205,2024-11-28,37,31.17,Ongoing
MPLADS/TA/2024-2025/0206,2024-12-06,100,100.0,Completed
MPLADS/KA/2026-2027/0207,2026-04-10,23,24.96,Ongoing
MPLADS/KA/2026-2027/0208,2026-10-09,100,100.0,Completed
MPLADS/MA/2024-2025/0209,2024-08-18,11,9.82,Ongoing
MPLADS/KA/2024-2025/0210,2025-01-31,57,56.97,Ongoing
MPLADS/MA/2026-2027/0211,2026-07-24,100,100.0,Completed
MPLADS/TA/2025-2026/0212,2025-08-10,20,18.74,Ongoing
MPLADS/MA/2023-2024/0213,2024-02-28,18,20.66,Ongoing
MPLADS/TA/2024-2025/0214,2024-11-17,80,90.6,Ongoing
MPLADS/UT/2025-2026/0215,2025-10-30,41,39.75,Ongoing
MPLADS/MA/2025-2026/0216,2025-05-20,71,59.07,Ongoing
MPLADS/KA/2025-2026/0217,2026-02-02,100,100.0,Completed
MPLADS/UT/2024-2025/0218,2024-11-21,71,58.84,Ongoing
MPLADS/TA/2025-2026/0219,2026-02-21,57,54.36,Ongoing
MPLADS/MA/2026-2027/0220,2026-05-26,54,54.21,Ongoing
MPLADS/UT/2025-2026/0221,2025-11-25,100,100.0,Completed
MPLADS/KA/2025-2026/0222,2025-12-14,59,56.58,Ongoing
MPLADS/KA/2024-2025/0223,2024-09-12,100,100.0,Completed
MPLADS/KA/2024-2025/0224,2024-11-11,60,64.78,Ongoing
MPLADS/MA/2024-2025/0225,2024-11-04,46,50.29,Ongoing
MPLADS/KA/2026-2027/0226,2026-12-22,67,68.8,Ongoing
MPLADS/UT/2026-2027/0227,2026-08-14,62,60.53,Ongoing
MPLADS/UT/2024-2025/0228,2024-11-21,17,15.41,Ongoing
MPLADS/KA/2026-2027/0229,2026-04-26,100,100.0,Completed
MPLADS/TA/2026-2027/0230,2026-08-12,68,78.08,Delayed
MPLADS/MA/2025-2026/0231,2025-10-26,100,100.0,Completed
MPLADS/MA/2025-2026/0232,2025-10-17,88,98.35,Ongoing
MPLADS/UT/2024-2025/0233,2025-03-21,100,100.0,Completed
MPLADS/TA/2025-2026/0234,2025-04-18,79,70.81,Ongoing
MPLADS/MA/2025-2026/0235,2025-08-04,20,23.22,Ongoing
MPLADS/MA/2024-2025/0236,2024-08-18,72,60.2,Delayed
MPLADS/MA/2025-2026/0237,2026-04-13,100,100.0,Completed
MPLADS/MA/2025-2026/0238,2026-02-13,100,100.0,Completed
MPLADS/MA/2023-2024/0239,2024-01-18,100,100.0,Completed
MPLADS/UT/2024-2025/0240,2025-01-20,100,100.0,Completed
MPLADS/MA/2026-2027/0241,2026-12-07,100,100.0,Completed
MPLADS/MA/2025-2026/0242,2025-09-22,30,35.89,Ongoing
MPLADS/TA/2025-2026/0243,2025-10-14,34,36.74,Ongoing
MPLADS/UT/2024-2025/0244,2024-05-31,30,30.93,Ongoing
MPLADS/UT/2023-2024/0245,2024-02-12,100,100.0,Completed
MPLADS/MA/2026-2027/0246,2026-11-01,53,54.98,Ongoing
MPLADS/UT/2025-2026/0247,2026-03-15,69,79.07,Ongoing
MPLADS/MA/2024-2025/0248,2024-12-22,100,100.0,Completed
MPLADS/MA/2024-2025/0249,2024-05-20,22,20.46,Ongoing
MPLADS/UT/2026-2027/0250,2026-07-19,100,100.0,Completed
MPLADS/KA/2024-2025/0251,2024-03-27,14,11.67,Ongoing
MPLADS/MA/2024-2025/0252,2025-03-23,27,27.83,Ongoing
MPLADS/MA/2023-2024/0253,2024-01-15,100,100.0,Completed
MPLADS/TA/2026-2027/0254,2026-09-15,19,19.38,Ongoing
MPLADS/UT/2025-2026/0255,2026-02-25,19,19.98,Ongoing
MPLADS/MA/2026-2027/0256,2026-05-31,13,15.41,Ongoing
MPLADS/MA/2026-2027/0257,2026-11-15,21,19.85,Ongoing
MPLADS/MA/2024-2025/0258,2024-05-19,25,21.76,Ongoing
MPLADS/UT/2024-2025/0259,2024-09-03,16,13.89,Ongoing
MPLADS/MA/2024-2025/0260,2024-08-12,26,23.49,Ongoing
MPLADS/MA/2025-2026/0261,2025-10-18,63,68.21,Delayed
MPLADS/UT/2024-2025/0262,2024-07-21,49,51.66,Ongoing
MPLADS/UT/2026-2027/0263,2026-04-22,20,21.95,Ongoing
MPLADS/KA/2025-2026/0264,2025-03-29,100,100.0,Completed
MPLADS/MA/2025-2026/0265,2025-06-18,100,100.0,Completed
MPLADS/MA/2025-2026/0266,2026-01-22,55,64.95,Ongoing
MPLADS/MA/2026-2027/0267,2026-07-31,47,43.22,Ongoing
MPLADS/UT/2026-2027/0268,2026-07-01,14,16.44,Ongoing
MPLADS/MA/2025-2026/0269,2025-09-16,77,77.44,Delayed
MPLADS/TA/2024-2025/0270,2024-07-18,78,87.72,Ongoing
MPLADS/UT/2024-2025/0271,2024-02-27,34,31.07,Ongoing
MPLADS/MA/2024-2025/0272,2025-02-27,100,100.0,Completed
MPLADS/TA/2025-2026/0273,2025-10-16,26,22.42,Ongoing
MPLADS/KA/2024-2025/0274,2025-04-05,100,100.0,Completed
MPLADS/TA/2024-2025/0275,2024-11-06,41,43.73,Delayed
MPLADS/MA/2025-2026/0276,2025-06-24,34,40.7,Ongoing
MPLADS/UT/2025-2026/0277,2025-11-21,62,62.62,Ongoing
MPLADS/UT/2025-2026/0278,2025-06-29,50,57.9,Ongoing
MPLADS/MA/2024-2025/0279,2025-03-11,100,100.0,Completed
MPLADS/MA/2024-2025/0280,2024-04-29,100,100.0,Completed
MPLADS/MA/2025-2026/0281,2025-12-21,100,100.0,Completed
MPLADS/MA/2024-2025/0282,2024-05-28,35,35.47,Delayed
MPLADS/UT/2024-2025/0283,2024-07-20,81,96.39,Ongoing
MPLADS/MA/2024-2025/0284,2024-02-20,100,100.0,Completed
MPLADS/UT/2024-2025/0285,2024-11-30,100,100.0,Completed
MPLADS/KA/2023-2024/0286,2024-02-15,77,69.57,Ongoing
MPLADS/MA/2024-2025/0287,2024-08-27,47,38.33,Ongoing
MPLADS/UT/2023-2024/0288,2024-02-23,54,56.87,Ongoing
MPLADS/KA/2026-2027/0289,2026-11-18,100,100.0,Completed
MPLADS/MA/2026-2027/0290,2026-07-18,42,48.22,Delayed
MPLADS/TA/2024-2025/0291,2024-05-16,57,48.98,Ongoing
MPLADS/MA/2025-2026/0292,2025-12-21,33,34.95,Ongoing
MPLADS/UT/2026-2027/0293,2026-05-20,61,51.25,Delayed
MPLADS/UT/2026-2027/0294,2026-09-12,15,12.79,Delayed
MPLADS/KA/2026-2027/0295,2026-09-16,53,60.48,Ongoing
MPLADS/MA/2024-2025/0296,2024-09-27,71,61.19,Ongoing
MPLADS/UT/2025-2026/0297,2026-03-16,100,100.0,Completed
MPLADS/KA/2024-2025/0298,2024-04-12,100,100.0,Completed
MPLADS/TA/2024-2025/0299,2025-02-18,52,54.07,Ongoing
MPLADS/TA/2024-2025/0300,2025-01-28,100,100.0,Completed
MPLADS/MA/2024-2025/0301,2024-09-05,28,26.77,Ongoing
MPLADS/UT/2024-2025/0302,2025-01-09,55,51.02,Ongoing
MPLADS/KA/2026-2027/0303,2026-06-27,100,100.0,Completed
MPLADS/KA/2025-2026/0304,2025-11-16,12,11.34,Ongoing
MPLADS/MA/2024-2025/0305,2024-09-14,27,24.78,Ongoing
MPLADS/UT/2025-2026/0306,2025-04-06,23,24.5,Ongoing
MPLADS/TA/2024-2025/0307,2024-07-13,33,32.6,Ongoing
MPLADS/UT/2024-2025/0308,2024-05-23,100,100.0,Completed
MPLADS/MA/2024-2025/0309,2025-03-11,30,27.26,Ongoing
MPLADS/TA/2026-2027/0310,2026-11-02,100,100.0,Completed
MPLADS/MA/2024-2025/0311,2025-02-21,100,100.0,Completed
MPLADS/KA/2024-2025/0312,2024-04-28,14,12.55,Delayed
MPLADS/MA/2025-2026/0313,2025-05-29,100,100.0,Completed
MPLADS/MA/2023-2024/0314,2024-01-15,30,25.82,Ongoing
MPLADS/TA/2024-2025/0315,2024-11-11,100,100.0,Completed
MPLADS/UT/2026-2027/0316,2026-07-25,100,100.0,Completed
MPLADS/KA/2025-2026/0317,2025-10-09,100,100.0,Completed
MPLADS/TA/2024-2025/0318,2024-04-19,66,69.97,Ongoing
MPLADS/UT/2025-2026/0319,2025-05-25,26,25.38,Ongoing
MPLADS/TA/2026-2027/0320,2026-04-26,11,9.48,Ongoing
MPLADS/MA/2024-2025/0321,2024-07-27,78,90.48,Ongoing
MPLADS/MA/2024-2025/0322,2024-09-28,35,33.62,Ongoing
MPLADS/KA/2025-2026/0323,2026-03-03,70,60.07,Ongoing
MPLADS/MA/2023-2024/0324,2024-01-22,100,100.0,Completed
MPLADS/MA/2025-2026/0325,2026-03-16,43,37.57,Ongoing
MPLADS/MA/2024-2025/0326,2024-10-14,71,70.3,Ongoing
MPLADS/MA/2026-2027/0327,2026-06-18,86,75.63,Ongoing
MPLADS/MA/2026-2027/0328,2026-11-18,73,83.64,Delayed
MPLADS/UT/2024-2025/0329,2024-07-09,34,32.91,Ongoing
MPLADS/TA/2025-2026/0330,2026-02-16,100,100.0,Completed
MPLADS/MA/2025-2026/0331,2026-05-07,79,76.66,Ongoing
MPLADS/TA/2026-2027/0332,2026-12-01,65,68.49,Ongoing
MPLADS/MA/2025-2026/0333,2025-05-12,100,100.0,Completed
MPLADS/KA/2025-2026/0334,2025-05-21,100,100.0,Completed
MPLADS/MA/2025-2026/0335,2025-04-16,10,11.6,Delayed
MPLADS/KA/2026-2027/0336,2026-09-28,86,79.72,Ongoing
MPLADS/MA/2025-2026/0337,2025-04-10,100,100.0,Completed
MPLADS/UT/2025-2026/0338,2025-03-19,43,48.8,Ongoing
MPLADS/TA/2025-2026/0339,2025-10-31,83,79.1,Delayed
MPLADS/KA/2024-2025/0340,2025-02-19,58,64.27,Ongoing
MPLADS/MA/2024-2025/0341,2024-10-22,86,73.02,Ongoing
MPLADS/MA/2025-2026/0342,2025-07-11,12,11.59,Ongoing
MPLADS/MA/2025-2026/0343,2026-01-16,87,99.35,Ongoing
MPLADS/KA/2024-2025/0344,2024-12-07,13,13.19,Ongoing
MPLADS/MA/2024-2025/0345,2024-04-20,35,41.35,Ongoing
MPLADS/KA/2024-2025/0346,2025-05-18,100,100.0,Completed
MPLADS/TA/2026-2027/0347,2026-06-04,64,56.31,Ongoing
MPLADS/UT/2025-2026/0348,2025-04-07,77,72.45,Ongoing
MPLADS/MA/2023-2024/0349,2023-12-24,100,100.0,Completed
MPLADS/UT/2025-2026/0350,2025-09-14,100,100.0,Completed
MPLADS/KA/2026-2027/0351,2026-05-05,100,100.0,Completed
MPLADS/TA/2025-2026/0352,2025-08-01,100,100.0,Completed
MPLADS/MA/2025-2026/0353,2025-10-06,77,62.8,Ongoing
MPLADS/UT/2025-2026/0354,2026-04-05,54,51.85,Ongoing
MPLADS/MA/2025-2026/0355,2025-07-06,57,66.98,Ongoing
MPLADS/KA/2026-2027/0356,2026-05-29,100,100.0,Completed
MPLADS/MA/2025-2026/0357,2025-12-02,52,55.91,Ongoing
MPLADS/TA/2026-2027/0358,2026-07-11,100,100.0,Completed
MPLADS/UT/2026-2027/0359,2027-01-16,20,18.82,Ongoing
MPLADS/UT/2026-2027/0360,2026-05-15,17,15.04,Ongoing
MPLADS/UT/2023-2024/0361,2024-03-23,77,77.43,Ongoing
MPLADS/MA/2026-2027/0362,2026-05-06,89,89.48,Ongoing
MPLADS/UT/2026-2027/0363,2026-08-04,23,25.25,Ongoing
MPLADS/KA/2025-2026/0364,2025-09-30,100,100.0,Completed
MPLADS/MA/2024-2025/0365,2025-03-21,100,100.0,Completed
MPLADS/TA/2025-2026/0366,2026-02-10,100,100.0,Completed
MPLADS/TA/2025-2026/0367,2025-11-23,73,64.41,Ongoing
MPLADS/MA/2023-2024/0368,2024-03-04,74,86.07,Ongoing
MPLADS/TA/2025-2026/0369,2025-07-24,28,33.18,Ongoing
MPLADS/UT/2023-2024/0370,2024-03-11,70,72.33,Ongoing
MPLADS/UT/2025-2026/0371,2026-03-23,100,100.0,Completed
MPLADS/UT/2025-2026/0372,2025-06-18,100,100.0,Completed
MPLADS/MA/2025-2026/0373,2025-08-22,86,85.46,Ongoing
MPLADS/MA/2025-2026/0374,2025-05-25,100,100.0,Completed
MPLADS/MA/2026-2027/0375,2026-11-01,45,41.57,Ongoing
MPLADS/KA/2026-2027/0376,2026-05-03,28,27.62,Ongoing
MPLADS/MA/2025-2026/0377,2025-06-30,72,66.41,Ongoing
MPLADS/MA/2024-2025/0378,2024-08-28,100,100.0,Completed
MPLADS/TA/2025-2026/0379,2026-02-15,41,46.11,Delayed
MPLADS/UT/2025-2026/0380,2025-11-28,100,100.0,Completed
MPLADS/UT/2023-2024/0381,2024-03-04,90,88.6,Ongoing
MPLADS/KA/2024-2025/0382,2024-05-10,69,64.98,Delayed
MPLADS/MA/2025-2026/0383,2025-07-04,41,42.32,Ongoing
MPLADS/KA/2026-2027/0384,2026-12-05,26,24.99,Ongoing
MPLADS/UT/2024-2025/0385,2024-06-16,86,72.15,Ongoing
MPLADS/TA/2026-2027/0386,2026-07-28,100,100.0,Completed
MPLADS/UT/2025-2026/0387,2026-03-15,100,100.0,Completed
MPLADS/UT/2024-2025/0388,2024-07-05,79,71.42,Ongoing
MPLADS/TA/2025-2026/0389,2025-10-26,100,100.0,Completed
MPLADS/MA/2024-2025/0390,2024-10-02,100,100.0,Completed
MPLADS/MA/2025-2026/0391,2026-01-17,100,100.0,Completed
MPLADS/MA/2024-2025/0392,2024-05-05,100,100.0,Completed
MPLADS/KA/2024-2025/0393,2024-10-22,100,100.0,Completed
MPLADS/UT/2025-2026/0394,2025-11-19,85,100.48,Ongoing
MPLADS/MA/2025-2026/0395,2025-10-03,100,100.0,Completed
MPLADS/KA/2024-2025/0396,2024-03-17,18,14.85,Ongoing
MPLADS/TA/2026-2027/0397,2027-02-18,13,15.2,Ongoing
MPLADS/KA/2024-2025/0398,2025-03-05,42,41.85,Ongoing
MPLADS/MA/2025-2026/0399,2025-11-11,100,100.0,Completed
MPLADS/MA/2025-2026/0400,2026-01-10,36,37.01,Delayed
MPLADS/KA/2024-2025/0401,2024-06-02,48,40.34,Ongoing
MPLADS/KA/2023-2024/0402,2024-03-02,42,40.16,Ongoing
MPLADS/KA/2024-2025/0403,2024-05-19,100,100.0,Completed
MPLADS/UT/2026-2027/0404,2026-11-02,27,23.81,Delayed
MPLADS/KA/2025-2026/0405,2026-03-15,100,100.0,Completed
MPLADS/MA/2025-2026/0406,2025-12-22,39,31.53,Ongoing
MPLADS/MA/2026-2027/0407,2026-12-01,12,12.25,Ongoing
MPLADS/KA/2023-2024/0408,2024-03-05,100,100.0,Completed
MPLADS/MA/2026-2027/0409,2026-10-21,78,80.12,Ongoing
MPLADS/TA/2024-2025/0410,2024-03-24,100,100.0,Completed
MPLADS/MA/2024-2025/0411,2024-06-02,55,63.75,Ongoing
MPLADS/MA/2024-2025/0412,2024-06-30,41,41.44,Ongoing
MPLADS/KA/2024-2025/0413,2025-01-26,27,30.69,Ongoing
MPLADS/MA/2024-2025/0414,2024-10-23,14,16.68,Ongoing
MPLADS/MA/2024-2025/0415,2024-10-26,20,16.48,Ongoing
MPLADS/MA/2024-2025/0416,2024-06-12,54,63.44,Ongoing
MPLADS/UT/2026-2027/0417,2027-01-06,17,19.09,Delayed
MPLADS/TA/2024-2025/0418,2024-11-20,43,37.2,Ongoing
MPLADS/TA/2026-2027/0419,2027-02-05,79,72.55,Ongoing
MPLADS/MA/2024-2025/0420,2024-07-15,82,87.27,Ongoing
MPLADS/MA/2024-2025/0421,2024-07-15,84,98.74,Ongoing
MPLADS/MA/2024-2025/0422,2024-08-18,100,100.0,Completed
MPLADS/TA/2026-2027/0423,2026-09-25,17,20.07,Ongoing
MPLADS/MA/2026-2027/0424,2026-06-20,66,55.79,Ongoing
MPLADS/MA/2025-2026/0425,2026-01-12,64,73.62,Ongoing
MPLADS/TA/2025-2026/0426,2025-04-30,70,82.39,Ongoing
MPLADS/UT/2025-2026/0427,2025-06-01,37,35.21,Delayed
MPLADS/MA/2025-2026/0428,2025-07-14,38,38.99,Ongoing
MPLADS/MA/2025-2026/0429,2025-12-27,83,76.13,Ongoing
MPLADS/UT/2024-2025/0430,2024-12-12,62,58.57,Delayed
MPLADS/MA/2026-2027/0431,2026-05-21,62,66.32,Ongoing
MPLADS/MA/2024-2025/0432,2024-09-27,74,88.3,Ongoing
MPLADS/MA/2024-2025/0433,2024-12-22,100,100.0,Completed
MPLADS/KA/2026-2027/0434,2026-06-30,59,68.54,Ongoing
MPLADS/MA/2026-2027/0435,2026-08-21,53,54.94,Ongoing
MPLADS/UT/2026-2027/0436,2026-06-18,90,88.19,Delayed
MPLADS/KA/2024-2025/0437,2024-10-12,100,100.0,Completed
MPLADS/TA/2023-2024/0438,2024-03-12,77,79.46,Ongoing
MPLADS/KA/2024-2025/0439,2025-02-13,36,35.0,Ongoing
MPLADS/TA/2025-2026/0440,2025-08-21,100,100.0,Completed
MPLADS/MA/2025-2026/0441,2025-10-07,15,17.76,Ongoing
MPLADS/UT/2025-2026/0442,2025-08-18,47,54.86,Delayed
MPLADS/UT/2025-2026/0443,2026-04-12,19,17.69,Ongoing
MPLADS/UT/2025-2026/0444,2025-07-25,100,100.0,Completed
MPLADS/KA/2024-2025/0445,2024-10-02,58,66.63,Ongoing
MPLADS/UT/2025-2026/0446,2025-11-02,37,29.65,Ongoing
MPLADS/MA/2025-2026/0447,2025-05-02,100,100.0,Completed
MPLADS/KA/2025-2026/0448,2026-02-04,38,32.11,Ongoing
MPLADS/MA/2026-2027/0449,2027-01-26,100,100.0,Completed
MPLADS/UT/2024-2025/0450,2024-12-01,17,17.42,Ongoing
MPLADS/TA/2024-2025/0451,2024-12-05,53,55.89,Ongoing
MPLADS/MA/2026-2027/0452,2026-11-19,26,27.09,Ongoing
MPLADS/MA/2026-2027/0453,2026-07-16,30,34.06,Ongoing
MPLADS/MA/2026-2027/0454,2026-05-16,100,100.0,Completed
MPLADS/MA/2025-2026/0455,2026-02-12,100,100.0,Completed
MPLADS/TA/2025-2026/0456,2026-02-09,12,9.67,Ongoing
MPLADS/KA/2026-2027/0457,2026-08-12,18,17.7,Delayed
MPLADS/MA/2024-2025/0458,2024-09-27,78,78.21,Ongoing
MPLADS/UT/2026-2027/0459,2026-03-29,100,100.0,Completed
MPLADS/MA/2026-2027/0460,2026-10-05,36,41.25,Delayed
MPLADS/TA/2024-2025/0461,2024-10-12,53,60.09,Ongoing
MPLADS/KA/2026-2027/0462,2026-05-28,50,59.19,Ongoing
MPLADS/TA/2025-2026/0463,2025-07-01,58,49.35,Ongoing
MPLADS/TA/2025-2026/0464,2026-04-15,100,100.0,Completed
MPLADS/MA/2025-2026/0465,2025-05-09,57,58.45,Ongoing
MPLADS/TA/2026-2027/0466,2026-12-20,87,78.34,Ongoing
MPLADS/MA/2024-2025/0467,2024-12-17,70,56.27,Ongoing
MPLADS/MA/2026-2027/0468,2026-03-19,78,76.71,Ongoing
MPLADS/TA/2024-2025/0469,2024-11-19,54,56.78,Ongoing
MPLADS/TA/2025-2026/0470,2025-10-31,89,98.5,Ongoing
MPLADS/MA/2026-2027/0471,2026-06-09,100,100.0,Completed
MPLADS/UT/2026-2027/0472,2026-12-24,36,31.22,Ongoing
MPLADS/KA/2025-2026/0473,2025-12-07,100,100.0,Completed
MPLADS/MA/2024-2025/0474,2024-10-10,76,70.44,Ongoing
MPLADS/KA/2025-2026/0475,2025-11-06,65,68.95,Ongoing
MPLADS/MA/2024-2025/0476,2024-06-08,100,100.0,Completed
MPLADS/MA/2024-2025/0477,2025-04-06,57,66.48,Ongoing
MPLADS/MA/2025-2026/0478,2025-05-18,42,38.21,Delayed
MPLADS/UT/2024-2025/0479,2024-11-04,57,46.26,Ongoing
MPLADS/MA/2024-2025/0480,2024-06-12,79,71.97,Ongoing
MPLADS/UT/2025-2026/0481,2026-02-11,31,36.03,Ongoing
MPLADS/UT/2025-2026/0482,2026-03-04,32,31.28,Ongoing
MPLADS/UT/2024-2025/0483,2025-02-07,21,21.56,Ongoing
MPLADS/UT/2026-2027/0484,2026-07-07,100,100.0,Completed
MPLADS/KA/2026-2027/0485,2026-09-03,34,37.36,Ongoing
MPLADS/KA/2025-2026/0486,2026-02-05,62,55.2,Delayed
MPLADS/KA/2025-2026/0487,2025-11-21,100,100.0,Completed
MPLADS/MA/2025-2026/0488,2025-09-17,65,61.02,Delayed
MPLADS/UT/2026-2027/0489,2027-01-15,14,16.36,Ongoing
MPLADS/MA/2025-2026/0490,2025-08-07,11,9.5,Ongoing
MPLADS/MA/2025-2026/0491,2025-07-01,100,100.0,Completed
MPLADS/MA/2024-2025/0492,2024-11-04,39,43.11,Delayed
MPLADS/KA/2026-2027/0493,2026-12-31,100,100.0,Completed
MPLADS/MA/2025-2026/0494,2025-07-02,32,29.46,Ongoing
MPLADS/KA/2026-2027/0495,2027-01-29,100,100.0,Completed
MPLADS/TA/2024-2025/0496,2025-02-12,22,21.01,Ongoing
MPLADS/TA/2025-2026/0497,2026-01-07,100,100.0,Completed
MPLADS/MA/2026-2027/0498,2026-12-20,39,33.35,Ongoing
MPLADS/MA/2023-2024/0499,2024-03-07,100,100.0,Completed
MPLADS/TA/2026-2027/0500,2026-06-23,23,22.68,Ongoing
MPLADS/UT/2025-2026/0092-DUP,2025-11-02,100,100.0,Completed
MPLADS/KA/2026-2027/0226-DUP,2027-01-23,57,63.41,Ongoing
MPLADS/UT/2026-2027/0036-DUP,2027-01-27,100,100.0,Completed
MPLADS/MA/2024-2025/0252-DUP,2025-02-08,47,52.02,Ongoing
MPLADS/MA/2024-2025/0476-DUP,2024-06-30,100,100.0,Completed
MPLADS/MA/2024-2025/0103-DUP,2024-08-20,41,47.87,Delayed
MPLADS/MA/2025-2026/0313-DUP,2025-06-15,100,100.0,Completed
MPLADS/UT/2025-2026/0202-DUP,2026-05-09,65,77.09,Ongoing
MPLADS/MA/2025-2026/0331-DUP,2026-04-19,16,15.2,Ongoing
MPLADS/TA/2026-2027/0056-DUP,2026-06-11,15,15.63,Ongoing
